"LOCATION","INDICATOR","SUBJECT","MEASURE","FREQUENCY","TIME","Value","Flag Codes"
"HUN","LTINT","TOT","PC_PA","Q","2000-Q1",8.516666,
"HUN","LTINT","TOT","PC_PA","Q","2000-Q2",8.56,
"HUN","LTINT","TOT","PC_PA","Q","2000-Q3",8.213333,
"HUN","LTINT","TOT","PC_PA","Q","2000-Q4",8.91,
"HUN","LTINT","TOT","PC_PA","Q","2001-Q1",8.32,
"HUN","LTINT","TOT","PC_PA","Q","2001-Q2",8.16,
"HUN","LTINT","TOT","PC_PA","Q","2001-Q3",7.823333,
"HUN","LTINT","TOT","PC_PA","Q","2001-Q4",7.476666,
"HUN","LTINT","TOT","PC_PA","Q","2002-Q1",6.846667,
"HUN","LTINT","TOT","PC_PA","Q","2002-Q2",7.163333,
"HUN","LTINT","TOT","PC_PA","Q","2002-Q3",7.51,
"HUN","LTINT","TOT","PC_PA","Q","2002-Q4",6.823333,
"HUN","LTINT","TOT","PC_PA","Q","2003-Q1",6.506667,
"HUN","LTINT","TOT","PC_PA","Q","2003-Q2",6.113333,
"HUN","LTINT","TOT","PC_PA","Q","2003-Q3",7.013333,
"HUN","LTINT","TOT","PC_PA","Q","2003-Q4",7.46,
"HUN","LTINT","TOT","PC_PA","Q","2004-Q1",8.366667,
"HUN","LTINT","TOT","PC_PA","Q","2004-Q2",8.363334,
"HUN","LTINT","TOT","PC_PA","Q","2004-Q3",8.48,
"HUN","LTINT","TOT","PC_PA","Q","2004-Q4",7.956666,
"HUN","LTINT","TOT","PC_PA","Q","2005-Q1",7.043334,
"HUN","LTINT","TOT","PC_PA","Q","2005-Q2",6.84,
"HUN","LTINT","TOT","PC_PA","Q","2005-Q3",5.876667,
"HUN","LTINT","TOT","PC_PA","Q","2005-Q4",6.633333,
"HUN","LTINT","TOT","PC_PA","Q","2006-Q1",6.79,
"HUN","LTINT","TOT","PC_PA","Q","2006-Q2",7.036667,
"HUN","LTINT","TOT","PC_PA","Q","2006-Q3",7.54,
"HUN","LTINT","TOT","PC_PA","Q","2006-Q4",7.096667,
"HUN","LTINT","TOT","PC_PA","Q","2007-Q1",6.903333,
"HUN","LTINT","TOT","PC_PA","Q","2007-Q2",6.63,
"HUN","LTINT","TOT","PC_PA","Q","2007-Q3",6.683333,
"HUN","LTINT","TOT","PC_PA","Q","2007-Q4",6.76,
"HUN","LTINT","TOT","PC_PA","Q","2008-Q1",7.7,
"HUN","LTINT","TOT","PC_PA","Q","2008-Q2",8.2,
"HUN","LTINT","TOT","PC_PA","Q","2008-Q3",7.956666,
"HUN","LTINT","TOT","PC_PA","Q","2008-Q4",9.096666,
"HUN","LTINT","TOT","PC_PA","Q","2009-Q1",10.35333,
"HUN","LTINT","TOT","PC_PA","Q","2009-Q2",10.26333,
"HUN","LTINT","TOT","PC_PA","Q","2009-Q3",8.373333,
"HUN","LTINT","TOT","PC_PA","Q","2009-Q4",7.503334,
"HUN","LTINT","TOT","PC_PA","Q","2010-Q1",7.49,
"HUN","LTINT","TOT","PC_PA","Q","2010-Q2",7.08,
"HUN","LTINT","TOT","PC_PA","Q","2010-Q3",7.166667,
"HUN","LTINT","TOT","PC_PA","Q","2010-Q4",7.39,
"HUN","LTINT","TOT","PC_PA","Q","2011-Q1",7.461,
"HUN","LTINT","TOT","PC_PA","Q","2011-Q2",7.126667,
"HUN","LTINT","TOT","PC_PA","Q","2011-Q3",7.493968,
"HUN","LTINT","TOT","PC_PA","Q","2011-Q4",8.46,
"HUN","LTINT","TOT","PC_PA","Q","2012-Q1",8.946667,
"HUN","LTINT","TOT","PC_PA","Q","2012-Q2",8.466666,
"HUN","LTINT","TOT","PC_PA","Q","2012-Q3",7.4,
"HUN","LTINT","TOT","PC_PA","Q","2012-Q4",6.75,
"HUN","LTINT","TOT","PC_PA","Q","2013-Q1",6.3,
"HUN","LTINT","TOT","PC_PA","Q","2013-Q2",5.583333,
"HUN","LTINT","TOT","PC_PA","Q","2013-Q3",6.083333,
"HUN","LTINT","TOT","PC_PA","Q","2013-Q4",5.726666,
"HUN","LTINT","TOT","PC_PA","Q","2014-Q1",5.82,
"HUN","LTINT","TOT","PC_PA","Q","2014-Q2",5.023334,
"HUN","LTINT","TOT","PC_PA","Q","2014-Q3",4.55,
"HUN","LTINT","TOT","PC_PA","Q","2014-Q4",3.843333,
"HUN","LTINT","TOT","PC_PA","Q","2015-Q1",3.18,
"HUN","LTINT","TOT","PC_PA","Q","2015-Q2",3.576667,
"HUN","LTINT","TOT","PC_PA","Q","2015-Q3",3.61,
"HUN","LTINT","TOT","PC_PA","Q","2015-Q4",3.363333,
"HUN","LTINT","TOT","PC_PA","Q","2016-Q1",3.283333,
"HUN","LTINT","TOT","PC_PA","Q","2016-Q2",3.226667,
"HUN","LTINT","TOT","PC_PA","Q","2016-Q3",2.863333,
"HUN","LTINT","TOT","PC_PA","Q","2016-Q4",3.2,
"HUN","LTINT","TOT","PC_PA","Q","2017-Q1",3.466667,
"HUN","LTINT","TOT","PC_PA","Q","2017-Q2",3.123333,
"HUN","LTINT","TOT","PC_PA","Q","2017-Q3",2.97,
"HUN","LTINT","TOT","PC_PA","Q","2017-Q4",2.29,
"HUN","LTINT","TOT","PC_PA","Q","2018-Q1",2.403333,
"HUN","LTINT","TOT","PC_PA","Q","2018-Q2",2.92,
"HUN","LTINT","TOT","PC_PA","Q","2018-Q3",3.456667,
"HUN","LTINT","TOT","PC_PA","Q","2018-Q4",3.453333,
"HUN","LTINT","TOT","PC_PA","Q","2019-Q1",2.853333,
"HUN","LTINT","TOT","PC_PA","Q","2019-Q2",3.023333,
"HUN","LTINT","TOT","PC_PA","Q","2019-Q3",2.06,
"HUN","LTINT","TOT","PC_PA","Q","2019-Q4",1.923333,
"HUN","LTINT","TOT","PC_PA","Q","2020-Q1",2.22,
"HUN","LTINT","TOT","PC_PA","Q","2020-Q2",2.22,
"HUN","LTINT","TOT","PC_PA","Q","2020-Q3",2.266667,
"HUN","LTINT","TOT","PC_PA","Q","2020-Q4",2.193333,
"HUN","LTINT","TOT","PC_PA","Q","2021-Q1",2.443333,
"HUN","LTINT","TOT","PC_PA","Q","2021-Q2",2.826667,
"HUN","LTINT","TOT","PC_PA","Q","2021-Q3",2.92,
"HUN","LTINT","TOT","PC_PA","Q","2021-Q4",4.053333,
"HUN","LTINT","TOT","PC_PA","Q","2022-Q1",5.163333,
"HUN","LTINT","TOT","PC_PA","Q","2022-Q2",7.246666,
"HUN","LTINT","TOT","PC_PA","Q","2022-Q3",8.643333,
"HUN","LTINT","TOT","PC_PA","Q","2022-Q4",9.23,
"HUN","LTINT","TOT","PC_PA","Q","2023-Q1",8.176666,
"HUN","LTINT","TOT","PC_PA","Q","2023-Q2",7.776667,
"HUN","LTINT","TOT","PC_PA","Q","2023-Q3",7.193333,
"AUS","LTINT","TOT","PC_PA","Q","2000-Q1",6.901983,
"AUS","LTINT","TOT","PC_PA","Q","2000-Q2",6.300913,
"AUS","LTINT","TOT","PC_PA","Q","2000-Q3",6.175162,
"AUS","LTINT","TOT","PC_PA","Q","2000-Q4",5.880219,
"AUS","LTINT","TOT","PC_PA","Q","2001-Q1",5.285803,
"AUS","LTINT","TOT","PC_PA","Q","2001-Q2",5.805817,
"AUS","LTINT","TOT","PC_PA","Q","2001-Q3",5.808712,
"AUS","LTINT","TOT","PC_PA","Q","2001-Q4",5.560726,
"AUS","LTINT","TOT","PC_PA","Q","2002-Q1",6.037694,
"AUS","LTINT","TOT","PC_PA","Q","2002-Q2",6.172283,
"AUS","LTINT","TOT","PC_PA","Q","2002-Q3",5.647969,
"AUS","LTINT","TOT","PC_PA","Q","2002-Q4",5.517885,
"AUS","LTINT","TOT","PC_PA","Q","2003-Q1",5.238139,
"AUS","LTINT","TOT","PC_PA","Q","2003-Q2",5.058995,
"AUS","LTINT","TOT","PC_PA","Q","2003-Q3",5.423276,
"AUS","LTINT","TOT","PC_PA","Q","2003-Q4",5.746692,
"AUS","LTINT","TOT","PC_PA","Q","2004-Q1",5.578812,
"AUS","LTINT","TOT","PC_PA","Q","2004-Q2",5.868857,
"AUS","LTINT","TOT","PC_PA","Q","2004-Q3",5.570985,
"AUS","LTINT","TOT","PC_PA","Q","2004-Q4",5.344444,
"AUS","LTINT","TOT","PC_PA","Q","2005-Q1",5.467404,
"AUS","LTINT","TOT","PC_PA","Q","2005-Q2",5.300068,
"AUS","LTINT","TOT","PC_PA","Q","2005-Q3",5.198432,
"AUS","LTINT","TOT","PC_PA","Q","2005-Q4",5.393989,
"AUS","LTINT","TOT","PC_PA","Q","2006-Q1",5.272268,
"AUS","LTINT","TOT","PC_PA","Q","2006-Q2",5.689188,
"AUS","LTINT","TOT","PC_PA","Q","2006-Q3",5.736325,
"AUS","LTINT","TOT","PC_PA","Q","2006-Q4",5.653708,
"AUS","LTINT","TOT","PC_PA","Q","2007-Q1",5.807896,
"AUS","LTINT","TOT","PC_PA","Q","2007-Q2",6.011781,
"AUS","LTINT","TOT","PC_PA","Q","2007-Q3",6.022596,
"AUS","LTINT","TOT","PC_PA","Q","2007-Q4",6.135811,
"AUS","LTINT","TOT","PC_PA","Q","2008-Q1",6.15216,
"AUS","LTINT","TOT","PC_PA","Q","2008-Q2",6.370742,
"AUS","LTINT","TOT","PC_PA","Q","2008-Q3",5.95831,
"AUS","LTINT","TOT","PC_PA","Q","2008-Q4",4.790564,
"AUS","LTINT","TOT","PC_PA","Q","2009-Q1",4.222159,
"AUS","LTINT","TOT","PC_PA","Q","2009-Q2",5.024317,
"AUS","LTINT","TOT","PC_PA","Q","2009-Q3",5.448237,
"AUS","LTINT","TOT","PC_PA","Q","2009-Q4",5.463333,
"AUS","LTINT","TOT","PC_PA","Q","2010-Q1",5.551667,
"AUS","LTINT","TOT","PC_PA","Q","2010-Q2",5.534167,
"AUS","LTINT","TOT","PC_PA","Q","2010-Q3",5.039166,
"AUS","LTINT","TOT","PC_PA","Q","2010-Q4",5.339167,
"AUS","LTINT","TOT","PC_PA","Q","2011-Q1",5.521667,
"AUS","LTINT","TOT","PC_PA","Q","2011-Q2",5.3325,
"AUS","LTINT","TOT","PC_PA","Q","2011-Q3",4.571667,
"AUS","LTINT","TOT","PC_PA","Q","2011-Q4",4.0925,
"AUS","LTINT","TOT","PC_PA","Q","2012-Q1",3.971667,
"AUS","LTINT","TOT","PC_PA","Q","2012-Q2",3.376667,
"AUS","LTINT","TOT","PC_PA","Q","2012-Q3",3.055833,
"AUS","LTINT","TOT","PC_PA","Q","2012-Q4",3.1125,
"AUS","LTINT","TOT","PC_PA","Q","2013-Q1",3.469167,
"AUS","LTINT","TOT","PC_PA","Q","2013-Q2",3.336667,
"AUS","LTINT","TOT","PC_PA","Q","2013-Q3",3.87,
"AUS","LTINT","TOT","PC_PA","Q","2013-Q4",4.113333,
"AUS","LTINT","TOT","PC_PA","Q","2014-Q1",4.133333,
"AUS","LTINT","TOT","PC_PA","Q","2014-Q2",3.836667,
"AUS","LTINT","TOT","PC_PA","Q","2014-Q3",3.476667,
"AUS","LTINT","TOT","PC_PA","Q","2014-Q4",3.18,
"AUS","LTINT","TOT","PC_PA","Q","2015-Q1",2.54,
"AUS","LTINT","TOT","PC_PA","Q","2015-Q2",2.756667,
"AUS","LTINT","TOT","PC_PA","Q","2015-Q3",2.773333,
"AUS","LTINT","TOT","PC_PA","Q","2015-Q4",2.773333,
"AUS","LTINT","TOT","PC_PA","Q","2016-Q1",2.593333,
"AUS","LTINT","TOT","PC_PA","Q","2016-Q2",2.32,
"AUS","LTINT","TOT","PC_PA","Q","2016-Q3",1.933333,
"AUS","LTINT","TOT","PC_PA","Q","2016-Q4",2.5,
"AUS","LTINT","TOT","PC_PA","Q","2017-Q1",2.763333,
"AUS","LTINT","TOT","PC_PA","Q","2017-Q2",2.503333,
"AUS","LTINT","TOT","PC_PA","Q","2017-Q3",2.646667,
"AUS","LTINT","TOT","PC_PA","Q","2017-Q4",2.643333,
"AUS","LTINT","TOT","PC_PA","Q","2018-Q1",2.776667,
"AUS","LTINT","TOT","PC_PA","Q","2018-Q2",2.743333,
"AUS","LTINT","TOT","PC_PA","Q","2018-Q3",2.62,
"AUS","LTINT","TOT","PC_PA","Q","2018-Q4",2.596667,
"AUS","LTINT","TOT","PC_PA","Q","2019-Q1",2.12,
"AUS","LTINT","TOT","PC_PA","Q","2019-Q2",1.63,
"AUS","LTINT","TOT","PC_PA","Q","2019-Q3",1.096667,
"AUS","LTINT","TOT","PC_PA","Q","2019-Q4",1.126667,
"AUS","LTINT","TOT","PC_PA","Q","2020-Q1",1.006667,
"AUS","LTINT","TOT","PC_PA","Q","2020-Q2",0.8966666,
"AUS","LTINT","TOT","PC_PA","Q","2020-Q3",0.89,
"AUS","LTINT","TOT","PC_PA","Q","2020-Q4",0.89,
"AUS","LTINT","TOT","PC_PA","Q","2021-Q1",1.363333,
"AUS","LTINT","TOT","PC_PA","Q","2021-Q2",1.623333,
"AUS","LTINT","TOT","PC_PA","Q","2021-Q3",1.223333,
"AUS","LTINT","TOT","PC_PA","Q","2021-Q4",1.71,
"AUS","LTINT","TOT","PC_PA","Q","2022-Q1",2.166667,
"AUS","LTINT","TOT","PC_PA","Q","2022-Q2",3.386667,
"AUS","LTINT","TOT","PC_PA","Q","2022-Q3",3.516667,
"AUS","LTINT","TOT","PC_PA","Q","2022-Q4",3.733333,
"AUS","LTINT","TOT","PC_PA","Q","2023-Q1",3.6,
"AUS","LTINT","TOT","PC_PA","Q","2023-Q2",3.586667,
"AUS","LTINT","TOT","PC_PA","Q","2023-Q3",4.123333,
"ITA","LTINT","TOT","PC_PA","Q","2000-Q1",5.683667,
"ITA","LTINT","TOT","PC_PA","Q","2000-Q2",5.547,
"ITA","LTINT","TOT","PC_PA","Q","2000-Q3",5.595333,
"ITA","LTINT","TOT","PC_PA","Q","2000-Q4",5.474667,
"ITA","LTINT","TOT","PC_PA","Q","2001-Q1",5.165667,
"ITA","LTINT","TOT","PC_PA","Q","2001-Q2",5.376667,
"ITA","LTINT","TOT","PC_PA","Q","2001-Q3",5.275667,
"ITA","LTINT","TOT","PC_PA","Q","2001-Q4",4.937,
"ITA","LTINT","TOT","PC_PA","Q","2002-Q1",5.250667,
"ITA","LTINT","TOT","PC_PA","Q","2002-Q2",5.355,
"ITA","LTINT","TOT","PC_PA","Q","2002-Q3",4.851666,
"ITA","LTINT","TOT","PC_PA","Q","2002-Q4",4.68,
"ITA","LTINT","TOT","PC_PA","Q","2003-Q1",4.239,
"ITA","LTINT","TOT","PC_PA","Q","2003-Q2",4.056334,
"ITA","LTINT","TOT","PC_PA","Q","2003-Q3",4.246333,
"ITA","LTINT","TOT","PC_PA","Q","2003-Q4",4.450667,
"ITA","LTINT","TOT","PC_PA","Q","2004-Q1",4.276333,
"ITA","LTINT","TOT","PC_PA","Q","2004-Q2",4.462667,
"ITA","LTINT","TOT","PC_PA","Q","2004-Q3",4.322667,
"ITA","LTINT","TOT","PC_PA","Q","2004-Q4",3.973667,
"ITA","LTINT","TOT","PC_PA","Q","2005-Q1",3.742,
"ITA","LTINT","TOT","PC_PA","Q","2005-Q2",3.537,
"ITA","LTINT","TOT","PC_PA","Q","2005-Q3",3.391333,
"ITA","LTINT","TOT","PC_PA","Q","2005-Q4",3.550667,
"ITA","LTINT","TOT","PC_PA","Q","2006-Q1",3.721333,
"ITA","LTINT","TOT","PC_PA","Q","2006-Q2",4.267334,
"ITA","LTINT","TOT","PC_PA","Q","2006-Q3",4.171,
"ITA","LTINT","TOT","PC_PA","Q","2006-Q4",4.026,
"ITA","LTINT","TOT","PC_PA","Q","2007-Q1",4.239666,
"ITA","LTINT","TOT","PC_PA","Q","2007-Q2",4.544,
"ITA","LTINT","TOT","PC_PA","Q","2007-Q3",4.639333,
"ITA","LTINT","TOT","PC_PA","Q","2007-Q4",4.526,
"ITA","LTINT","TOT","PC_PA","Q","2008-Q1",4.376667,
"ITA","LTINT","TOT","PC_PA","Q","2008-Q2",4.780334,
"ITA","LTINT","TOT","PC_PA","Q","2008-Q3",4.904333,
"ITA","LTINT","TOT","PC_PA","Q","2008-Q4",4.664,
"ITA","LTINT","TOT","PC_PA","Q","2009-Q1",4.538333,
"ITA","LTINT","TOT","PC_PA","Q","2009-Q2",4.459,
"ITA","LTINT","TOT","PC_PA","Q","2009-Q3",4.192333,
"ITA","LTINT","TOT","PC_PA","Q","2009-Q4",4.055,
"ITA","LTINT","TOT","PC_PA","Q","2010-Q1",4.023334,
"ITA","LTINT","TOT","PC_PA","Q","2010-Q2",4.027667,
"ITA","LTINT","TOT","PC_PA","Q","2010-Q3",3.896667,
"ITA","LTINT","TOT","PC_PA","Q","2010-Q4",4.195667,
"ITA","LTINT","TOT","PC_PA","Q","2011-Q1",4.78,
"ITA","LTINT","TOT","PC_PA","Q","2011-Q2",4.804333,
"ITA","LTINT","TOT","PC_PA","Q","2011-Q3",5.493333,
"ITA","LTINT","TOT","PC_PA","Q","2011-Q4",6.613667,
"ITA","LTINT","TOT","PC_PA","Q","2012-Q1",5.710667,
"ITA","LTINT","TOT","PC_PA","Q","2012-Q2",5.787667,
"ITA","LTINT","TOT","PC_PA","Q","2012-Q3",5.690667,
"ITA","LTINT","TOT","PC_PA","Q","2012-Q4",4.782,
"ITA","LTINT","TOT","PC_PA","Q","2013-Q1",4.447,
"ITA","LTINT","TOT","PC_PA","Q","2013-Q2",4.207,
"ITA","LTINT","TOT","PC_PA","Q","2013-Q3",4.459333,
"ITA","LTINT","TOT","PC_PA","Q","2013-Q4",4.152333,
"ITA","LTINT","TOT","PC_PA","Q","2014-Q1",3.638667,
"ITA","LTINT","TOT","PC_PA","Q","2014-Q2",3.090333,
"ITA","LTINT","TOT","PC_PA","Q","2014-Q3",2.609,
"ITA","LTINT","TOT","PC_PA","Q","2014-Q4",2.234667,
"ITA","LTINT","TOT","PC_PA","Q","2015-Q1",1.517667,
"ITA","LTINT","TOT","PC_PA","Q","2015-Q2",1.789333,
"ITA","LTINT","TOT","PC_PA","Q","2015-Q3",1.933667,
"ITA","LTINT","TOT","PC_PA","Q","2015-Q4",1.615,
"ITA","LTINT","TOT","PC_PA","Q","2016-Q1",1.489,
"ITA","LTINT","TOT","PC_PA","Q","2016-Q2",1.473667,
"ITA","LTINT","TOT","PC_PA","Q","2016-Q3",1.223,
"ITA","LTINT","TOT","PC_PA","Q","2016-Q4",1.759667,
"ITA","LTINT","TOT","PC_PA","Q","2017-Q1",2.248,
"ITA","LTINT","TOT","PC_PA","Q","2017-Q2",2.168,
"ITA","LTINT","TOT","PC_PA","Q","2017-Q3",2.15,
"ITA","LTINT","TOT","PC_PA","Q","2017-Q4",1.886,
"ITA","LTINT","TOT","PC_PA","Q","2018-Q1",2.01,
"ITA","LTINT","TOT","PC_PA","Q","2018-Q2",2.232333,
"ITA","LTINT","TOT","PC_PA","Q","2018-Q3",2.921,
"ITA","LTINT","TOT","PC_PA","Q","2018-Q4",3.278,
"ITA","LTINT","TOT","PC_PA","Q","2019-Q1",2.757333,
"ITA","LTINT","TOT","PC_PA","Q","2019-Q2",2.515333,
"ITA","LTINT","TOT","PC_PA","Q","2019-Q3",1.32,
"ITA","LTINT","TOT","PC_PA","Q","2019-Q4",1.213333,
"ITA","LTINT","TOT","PC_PA","Q","2020-Q1",1.260333,
"ITA","LTINT","TOT","PC_PA","Q","2020-Q2",1.672,
"ITA","LTINT","TOT","PC_PA","Q","2020-Q3",1.069667,
"ITA","LTINT","TOT","PC_PA","Q","2020-Q4",0.6706667,
"ITA","LTINT","TOT","PC_PA","Q","2021-Q1",0.6366667,
"ITA","LTINT","TOT","PC_PA","Q","2021-Q2",0.8853334,
"ITA","LTINT","TOT","PC_PA","Q","2021-Q3",0.7176667,
"ITA","LTINT","TOT","PC_PA","Q","2021-Q4",1.004,
"ITA","LTINT","TOT","PC_PA","Q","2022-Q1",1.664667,
"ITA","LTINT","TOT","PC_PA","Q","2022-Q2",3.020333,
"ITA","LTINT","TOT","PC_PA","Q","2022-Q3",3.598,
"ITA","LTINT","TOT","PC_PA","Q","2022-Q4",4.344,
"ITA","LTINT","TOT","PC_PA","Q","2023-Q1",4.251,
"ITA","LTINT","TOT","PC_PA","Q","2023-Q2",4.207,
"CZE","LTINT","TOT","PC_PA","Q","2000-Q2",6.406667,
"CZE","LTINT","TOT","PC_PA","Q","2000-Q3",6.953333,
"CZE","LTINT","TOT","PC_PA","Q","2000-Q4",7.443333,
"CZE","LTINT","TOT","PC_PA","Q","2001-Q1",6.52,
"CZE","LTINT","TOT","PC_PA","Q","2001-Q2",6.486667,
"CZE","LTINT","TOT","PC_PA","Q","2001-Q3",6.693333,
"CZE","LTINT","TOT","PC_PA","Q","2001-Q4",5.556667,
"CZE","LTINT","TOT","PC_PA","Q","2002-Q1",5.393333,
"CZE","LTINT","TOT","PC_PA","Q","2002-Q2",5.283333,
"CZE","LTINT","TOT","PC_PA","Q","2002-Q3",4.613333,
"CZE","LTINT","TOT","PC_PA","Q","2002-Q4",4.216667,
"CZE","LTINT","TOT","PC_PA","Q","2003-Q1",3.886667,
"CZE","LTINT","TOT","PC_PA","Q","2003-Q2",3.713333,
"CZE","LTINT","TOT","PC_PA","Q","2003-Q3",4.183333,
"CZE","LTINT","TOT","PC_PA","Q","2003-Q4",4.68,
"CZE","LTINT","TOT","PC_PA","Q","2004-Q1",4.706666,
"CZE","LTINT","TOT","PC_PA","Q","2004-Q2",4.906667,
"CZE","LTINT","TOT","PC_PA","Q","2004-Q3",5.116667,
"CZE","LTINT","TOT","PC_PA","Q","2004-Q4",4.553333,
"CZE","LTINT","TOT","PC_PA","Q","2005-Q1",3.74,
"CZE","LTINT","TOT","PC_PA","Q","2005-Q2",3.5,
"CZE","LTINT","TOT","PC_PA","Q","2005-Q3",3.316667,
"CZE","LTINT","TOT","PC_PA","Q","2005-Q4",3.613333,
"CZE","LTINT","TOT","PC_PA","Q","2006-Q1",3.466667,
"CZE","LTINT","TOT","PC_PA","Q","2006-Q2",3.94,
"CZE","LTINT","TOT","PC_PA","Q","2006-Q3",3.94,
"CZE","LTINT","TOT","PC_PA","Q","2006-Q4",3.853333,
"CZE","LTINT","TOT","PC_PA","Q","2007-Q1",3.9,
"CZE","LTINT","TOT","PC_PA","Q","2007-Q2",4.203333,
"CZE","LTINT","TOT","PC_PA","Q","2007-Q3",4.52,
"CZE","LTINT","TOT","PC_PA","Q","2007-Q4",4.586667,
"CZE","LTINT","TOT","PC_PA","Q","2008-Q1",4.59,
"CZE","LTINT","TOT","PC_PA","Q","2008-Q2",4.896667,
"CZE","LTINT","TOT","PC_PA","Q","2008-Q3",4.596667,
"CZE","LTINT","TOT","PC_PA","Q","2008-Q4",4.45,
"CZE","LTINT","TOT","PC_PA","Q","2009-Q1",4.703333,
"CZE","LTINT","TOT","PC_PA","Q","2009-Q2",5.253334,
"CZE","LTINT","TOT","PC_PA","Q","2009-Q3",5.17,
"CZE","LTINT","TOT","PC_PA","Q","2009-Q4",4.223333,
"CZE","LTINT","TOT","PC_PA","Q","2010-Q1",4.21,
"CZE","LTINT","TOT","PC_PA","Q","2010-Q2",4.066667,
"CZE","LTINT","TOT","PC_PA","Q","2010-Q3",3.623333,
"CZE","LTINT","TOT","PC_PA","Q","2010-Q4",3.636667,
"CZE","LTINT","TOT","PC_PA","Q","2011-Q1",4.026667,
"CZE","LTINT","TOT","PC_PA","Q","2011-Q2",3.903333,
"CZE","LTINT","TOT","PC_PA","Q","2011-Q3",3.396667,
"CZE","LTINT","TOT","PC_PA","Q","2011-Q4",3.503333,
"CZE","LTINT","TOT","PC_PA","Q","2012-Q1",3.34,
"CZE","LTINT","TOT","PC_PA","Q","2012-Q2",3.31,
"CZE","LTINT","TOT","PC_PA","Q","2012-Q3",2.45,
"CZE","LTINT","TOT","PC_PA","Q","2012-Q4",2.026667,
"CZE","LTINT","TOT","PC_PA","Q","2013-Q1",1.983333,
"CZE","LTINT","TOT","PC_PA","Q","2013-Q2",1.876667,
"CZE","LTINT","TOT","PC_PA","Q","2013-Q3",2.35,
"CZE","LTINT","TOT","PC_PA","Q","2013-Q4",2.236667,
"CZE","LTINT","TOT","PC_PA","Q","2014-Q1",2.303333,
"CZE","LTINT","TOT","PC_PA","Q","2014-Q2",1.76,
"CZE","LTINT","TOT","PC_PA","Q","2014-Q3",1.36,
"CZE","LTINT","TOT","PC_PA","Q","2014-Q4",0.88,
"CZE","LTINT","TOT","PC_PA","Q","2015-Q1",0.3666667,
"CZE","LTINT","TOT","PC_PA","Q","2015-Q2",0.6233333,
"CZE","LTINT","TOT","PC_PA","Q","2015-Q3",0.7966667,
"CZE","LTINT","TOT","PC_PA","Q","2015-Q4",0.5133333,
"CZE","LTINT","TOT","PC_PA","Q","2016-Q1",0.4766667,
"CZE","LTINT","TOT","PC_PA","Q","2016-Q2",0.4466667,
"CZE","LTINT","TOT","PC_PA","Q","2016-Q3",0.3033333,
"CZE","LTINT","TOT","PC_PA","Q","2016-Q4",0.4833333,
"CZE","LTINT","TOT","PC_PA","Q","2017-Q1",0.6566667,
"CZE","LTINT","TOT","PC_PA","Q","2017-Q2",0.8233333,
"CZE","LTINT","TOT","PC_PA","Q","2017-Q3",0.9,
"CZE","LTINT","TOT","PC_PA","Q","2017-Q4",1.543333,
"CZE","LTINT","TOT","PC_PA","Q","2018-Q1",1.8,
"CZE","LTINT","TOT","PC_PA","Q","2018-Q2",1.923333,
"CZE","LTINT","TOT","PC_PA","Q","2018-Q3",2.13,
"CZE","LTINT","TOT","PC_PA","Q","2018-Q4",2.073333,
"CZE","LTINT","TOT","PC_PA","Q","2019-Q1",1.81,
"CZE","LTINT","TOT","PC_PA","Q","2019-Q2",1.753333,
"CZE","LTINT","TOT","PC_PA","Q","2019-Q3",1.196667,
"CZE","LTINT","TOT","PC_PA","Q","2019-Q4",1.433333,
"CZE","LTINT","TOT","PC_PA","Q","2020-Q1",1.456667,
"CZE","LTINT","TOT","PC_PA","Q","2020-Q2",1.02,
"CZE","LTINT","TOT","PC_PA","Q","2020-Q3",0.93,
"CZE","LTINT","TOT","PC_PA","Q","2020-Q4",1.106667,
"CZE","LTINT","TOT","PC_PA","Q","2021-Q1",1.546667,
"CZE","LTINT","TOT","PC_PA","Q","2021-Q2",1.756667,
"CZE","LTINT","TOT","PC_PA","Q","2021-Q3",1.786667,
"CZE","LTINT","TOT","PC_PA","Q","2021-Q4",2.526667,
"CZE","LTINT","TOT","PC_PA","Q","2022-Q1",3.226667,
"CZE","LTINT","TOT","PC_PA","Q","2022-Q2",4.58,
"CZE","LTINT","TOT","PC_PA","Q","2022-Q3",4.41,
"CZE","LTINT","TOT","PC_PA","Q","2022-Q4",5.113333,
"CZE","LTINT","TOT","PC_PA","Q","2023-Q1",4.583333,
"CZE","LTINT","TOT","PC_PA","Q","2023-Q2",4.5,
"GBR","LTINT","TOT","PC_PA","Q","2000-Q1",5.609367,
"GBR","LTINT","TOT","PC_PA","Q","2000-Q2",5.311433,
"GBR","LTINT","TOT","PC_PA","Q","2000-Q3",5.3191,
"GBR","LTINT","TOT","PC_PA","Q","2000-Q4",5.076,
"GBR","LTINT","TOT","PC_PA","Q","2001-Q1",4.791633,
"GBR","LTINT","TOT","PC_PA","Q","2001-Q2",5.085733,
"GBR","LTINT","TOT","PC_PA","Q","2001-Q3",5.0589,
"GBR","LTINT","TOT","PC_PA","Q","2001-Q4",4.781734,
"GBR","LTINT","TOT","PC_PA","Q","2002-Q1",5.0208,
"GBR","LTINT","TOT","PC_PA","Q","2002-Q2",5.200333,
"GBR","LTINT","TOT","PC_PA","Q","2002-Q3",4.749767,
"GBR","LTINT","TOT","PC_PA","Q","2002-Q4",4.606067,
"GBR","LTINT","TOT","PC_PA","Q","2003-Q1",4.3091,
"GBR","LTINT","TOT","PC_PA","Q","2003-Q2",4.266233,
"GBR","LTINT","TOT","PC_PA","Q","2003-Q3",4.575,
"GBR","LTINT","TOT","PC_PA","Q","2003-Q4",4.956033,
"GBR","LTINT","TOT","PC_PA","Q","2004-Q1",4.7673,
"GBR","LTINT","TOT","PC_PA","Q","2004-Q2",5.0896,
"GBR","LTINT","TOT","PC_PA","Q","2004-Q3",5.008767,
"GBR","LTINT","TOT","PC_PA","Q","2004-Q4",4.6634,
"GBR","LTINT","TOT","PC_PA","Q","2005-Q1",4.6421,
"GBR","LTINT","TOT","PC_PA","Q","2005-Q2",4.441267,
"GBR","LTINT","TOT","PC_PA","Q","2005-Q3",4.278967,
"GBR","LTINT","TOT","PC_PA","Q","2005-Q4",4.293233,
"GBR","LTINT","TOT","PC_PA","Q","2006-Q1",4.1824,
"GBR","LTINT","TOT","PC_PA","Q","2006-Q2",4.610333,
"GBR","LTINT","TOT","PC_PA","Q","2006-Q3",4.620567,
"GBR","LTINT","TOT","PC_PA","Q","2006-Q4",4.5934,
"GBR","LTINT","TOT","PC_PA","Q","2007-Q1",4.8616,
"GBR","LTINT","TOT","PC_PA","Q","2007-Q2",5.207267,
"GBR","LTINT","TOT","PC_PA","Q","2007-Q3",5.1837,
"GBR","LTINT","TOT","PC_PA","Q","2007-Q4",4.792533,
"GBR","LTINT","TOT","PC_PA","Q","2008-Q1",4.5203,
"GBR","LTINT","TOT","PC_PA","Q","2008-Q2",4.907267,
"GBR","LTINT","TOT","PC_PA","Q","2008-Q3",4.782067,
"GBR","LTINT","TOT","PC_PA","Q","2008-Q4",4.153266,
"GBR","LTINT","TOT","PC_PA","Q","2009-Q1",3.5365,
"GBR","LTINT","TOT","PC_PA","Q","2009-Q2",3.5833,
"GBR","LTINT","TOT","PC_PA","Q","2009-Q3",3.731533,
"GBR","LTINT","TOT","PC_PA","Q","2009-Q4",3.738733,
"GBR","LTINT","TOT","PC_PA","Q","2010-Q1",4.052134,
"GBR","LTINT","TOT","PC_PA","Q","2010-Q2",3.8262,
"GBR","LTINT","TOT","PC_PA","Q","2010-Q3",3.2896,
"GBR","LTINT","TOT","PC_PA","Q","2010-Q4",3.329767,
"GBR","LTINT","TOT","PC_PA","Q","2011-Q1",3.781933,
"GBR","LTINT","TOT","PC_PA","Q","2011-Q2",3.560533,
"GBR","LTINT","TOT","PC_PA","Q","2011-Q3",2.867,
"GBR","LTINT","TOT","PC_PA","Q","2011-Q4",2.3345,
"GBR","LTINT","TOT","PC_PA","Q","2012-Q1",2.2175,
"GBR","LTINT","TOT","PC_PA","Q","2012-Q2",1.974367,
"GBR","LTINT","TOT","PC_PA","Q","2012-Q3",1.682667,
"GBR","LTINT","TOT","PC_PA","Q","2012-Q4",1.797633,
"GBR","LTINT","TOT","PC_PA","Q","2013-Q1",2.078133,
"GBR","LTINT","TOT","PC_PA","Q","2013-Q2",2.011633,
"GBR","LTINT","TOT","PC_PA","Q","2013-Q3",2.6747,
"GBR","LTINT","TOT","PC_PA","Q","2013-Q4",2.794667,
"GBR","LTINT","TOT","PC_PA","Q","2014-Q1",2.836133,
"GBR","LTINT","TOT","PC_PA","Q","2014-Q2",2.7416,
"GBR","LTINT","TOT","PC_PA","Q","2014-Q3",2.586967,
"GBR","LTINT","TOT","PC_PA","Q","2014-Q4",2.111633,
"GBR","LTINT","TOT","PC_PA","Q","2015-Q1",1.706533,
"GBR","LTINT","TOT","PC_PA","Q","2015-Q2",1.982967,
"GBR","LTINT","TOT","PC_PA","Q","2015-Q3",1.998867,
"GBR","LTINT","TOT","PC_PA","Q","2015-Q4",1.915767,
"GBR","LTINT","TOT","PC_PA","Q","2016-Q1",1.609967,
"GBR","LTINT","TOT","PC_PA","Q","2016-Q2",1.471967,
"GBR","LTINT","TOT","PC_PA","Q","2016-Q3",0.8411,
"GBR","LTINT","TOT","PC_PA","Q","2016-Q4",1.2978,
"GBR","LTINT","TOT","PC_PA","Q","2017-Q1",1.3067,
"GBR","LTINT","TOT","PC_PA","Q","2017-Q2",1.093667,
"GBR","LTINT","TOT","PC_PA","Q","2017-Q3",1.213,
"GBR","LTINT","TOT","PC_PA","Q","2017-Q4",1.329867,
"GBR","LTINT","TOT","PC_PA","Q","2018-Q1",1.5015,
"GBR","LTINT","TOT","PC_PA","Q","2018-Q2",1.478433,
"GBR","LTINT","TOT","PC_PA","Q","2018-Q3",1.4251,
"GBR","LTINT","TOT","PC_PA","Q","2018-Q4",1.4376,
"GBR","LTINT","TOT","PC_PA","Q","2019-Q1",1.250367,
"GBR","LTINT","TOT","PC_PA","Q","2019-Q2",1.079867,
"GBR","LTINT","TOT","PC_PA","Q","2019-Q3",0.6687,
"GBR","LTINT","TOT","PC_PA","Q","2019-Q4",0.7443666,
"GBR","LTINT","TOT","PC_PA","Q","2020-Q1",0.6058,
"GBR","LTINT","TOT","PC_PA","Q","2020-Q2",0.3033333,
"GBR","LTINT","TOT","PC_PA","Q","2020-Q3",0.2513667,
"GBR","LTINT","TOT","PC_PA","Q","2020-Q4",0.3372667,
"GBR","LTINT","TOT","PC_PA","Q","2021-Q1",0.6116667,
"GBR","LTINT","TOT","PC_PA","Q","2021-Q2",0.8707333,
"GBR","LTINT","TOT","PC_PA","Q","2021-Q3",0.7147334,
"GBR","LTINT","TOT","PC_PA","Q","2021-Q4",0.9533,
"GBR","LTINT","TOT","PC_PA","Q","2022-Q1",1.4133,
"GBR","LTINT","TOT","PC_PA","Q","2022-Q2",2.041833,
"GBR","LTINT","TOT","PC_PA","Q","2022-Q3",2.657967,
"GBR","LTINT","TOT","PC_PA","Q","2022-Q4",3.676067,
"GBR","LTINT","TOT","PC_PA","Q","2023-Q1",3.543533,
"GBR","LTINT","TOT","PC_PA","Q","2023-Q2",3.992767,
"GBR","LTINT","TOT","PC_PA","Q","2023-Q3",4.4623,
"DEU","LTINT","TOT","PC_PA","Q","2000-Q1",5.46038,
"DEU","LTINT","TOT","PC_PA","Q","2000-Q2",5.265034,
"DEU","LTINT","TOT","PC_PA","Q","2000-Q3",5.246653,
"DEU","LTINT","TOT","PC_PA","Q","2000-Q4",5.083768,
"DEU","LTINT","TOT","PC_PA","Q","2001-Q1",4.74947,
"DEU","LTINT","TOT","PC_PA","Q","2001-Q2",4.958238,
"DEU","LTINT","TOT","PC_PA","Q","2001-Q3",4.884274,
"DEU","LTINT","TOT","PC_PA","Q","2001-Q4",4.594392,
"DEU","LTINT","TOT","PC_PA","Q","2002-Q1",4.981076,
"DEU","LTINT","TOT","PC_PA","Q","2002-Q2",5.113489,
"DEU","LTINT","TOT","PC_PA","Q","2002-Q3",4.614058,
"DEU","LTINT","TOT","PC_PA","Q","2002-Q4",4.425696,
"DEU","LTINT","TOT","PC_PA","Q","2003-Q1",4.045159,
"DEU","LTINT","TOT","PC_PA","Q","2003-Q2",3.859635,
"DEU","LTINT","TOT","PC_PA","Q","2003-Q3",4.091324,
"DEU","LTINT","TOT","PC_PA","Q","2003-Q4",4.288452,
"DEU","LTINT","TOT","PC_PA","Q","2004-Q1",4.06481,
"DEU","LTINT","TOT","PC_PA","Q","2004-Q2",4.22102,
"DEU","LTINT","TOT","PC_PA","Q","2004-Q3",4.111212,
"DEU","LTINT","TOT","PC_PA","Q","2004-Q4",3.75158,
"DEU","LTINT","TOT","PC_PA","Q","2005-Q1",3.601651,
"DEU","LTINT","TOT","PC_PA","Q","2005-Q2",3.304279,
"DEU","LTINT","TOT","PC_PA","Q","2005-Q3",3.168684,
"DEU","LTINT","TOT","PC_PA","Q","2005-Q4",3.341457,
"DEU","LTINT","TOT","PC_PA","Q","2006-Q1",3.477085,
"DEU","LTINT","TOT","PC_PA","Q","2006-Q2",3.939394,
"DEU","LTINT","TOT","PC_PA","Q","2006-Q3",3.882574,
"DEU","LTINT","TOT","PC_PA","Q","2006-Q4",3.757448,
"DEU","LTINT","TOT","PC_PA","Q","2007-Q1",4.002243,
"DEU","LTINT","TOT","PC_PA","Q","2007-Q2",4.330543,
"DEU","LTINT","TOT","PC_PA","Q","2007-Q3",4.342507,
"DEU","LTINT","TOT","PC_PA","Q","2007-Q4",4.192527,
"DEU","LTINT","TOT","PC_PA","Q","2008-Q1",3.926686,
"DEU","LTINT","TOT","PC_PA","Q","2008-Q2",4.254127,
"DEU","LTINT","TOT","PC_PA","Q","2008-Q3",4.262302,
"DEU","LTINT","TOT","PC_PA","Q","2008-Q4",3.495958,
"DEU","LTINT","TOT","PC_PA","Q","2009-Q1",3.072666,
"DEU","LTINT","TOT","PC_PA","Q","2009-Q2",3.325879,
"DEU","LTINT","TOT","PC_PA","Q","2009-Q3",3.302082,
"DEU","LTINT","TOT","PC_PA","Q","2009-Q4",3.188245,
"DEU","LTINT","TOT","PC_PA","Q","2010-Q1",3.176558,
"DEU","LTINT","TOT","PC_PA","Q","2010-Q2",2.780656,
"DEU","LTINT","TOT","PC_PA","Q","2010-Q3",2.422121,
"DEU","LTINT","TOT","PC_PA","Q","2010-Q4",2.597734,
"DEU","LTINT","TOT","PC_PA","Q","2011-Q1",3.142469,
"DEU","LTINT","TOT","PC_PA","Q","2011-Q2",3.097448,
"DEU","LTINT","TOT","PC_PA","Q","2011-Q3",2.262126,
"DEU","LTINT","TOT","PC_PA","Q","2011-Q4",1.934697,
"DEU","LTINT","TOT","PC_PA","Q","2012-Q1",1.834423,
"DEU","LTINT","TOT","PC_PA","Q","2012-Q2",1.420502,
"DEU","LTINT","TOT","PC_PA","Q","2012-Q3",1.358171,
"DEU","LTINT","TOT","PC_PA","Q","2012-Q4",1.367426,
"DEU","LTINT","TOT","PC_PA","Q","2013-Q1",1.470091,
"DEU","LTINT","TOT","PC_PA","Q","2013-Q2",1.340261,
"DEU","LTINT","TOT","PC_PA","Q","2013-Q3",1.729582,
"DEU","LTINT","TOT","PC_PA","Q","2013-Q4",1.745698,
"DEU","LTINT","TOT","PC_PA","Q","2014-Q1",1.60766,
"DEU","LTINT","TOT","PC_PA","Q","2014-Q2",1.34931,
"DEU","LTINT","TOT","PC_PA","Q","2014-Q3",0.9973006,
"DEU","LTINT","TOT","PC_PA","Q","2014-Q4",0.6996188,
"DEU","LTINT","TOT","PC_PA","Q","2015-Q1",0.3064242,
"DEU","LTINT","TOT","PC_PA","Q","2015-Q2",0.4901722,
"DEU","LTINT","TOT","PC_PA","Q","2015-Q3",0.6575541,
"DEU","LTINT","TOT","PC_PA","Q","2015-Q4",0.5266241,
"DEU","LTINT","TOT","PC_PA","Q","2016-Q1",0.2582619,
"DEU","LTINT","TOT","PC_PA","Q","2016-Q2",0.08344156,
"DEU","LTINT","TOT","PC_PA","Q","2016-Q3",-0.1233719,
"DEU","LTINT","TOT","PC_PA","Q","2016-Q4",0.1476652,
"DEU","LTINT","TOT","PC_PA","Q","2017-Q1",0.2857233,
"DEU","LTINT","TOT","PC_PA","Q","2017-Q2",0.2707985,
"DEU","LTINT","TOT","PC_PA","Q","2017-Q3",0.3829814,
"DEU","LTINT","TOT","PC_PA","Q","2017-Q4",0.3258413,
"DEU","LTINT","TOT","PC_PA","Q","2018-Q1",0.5543564,
"DEU","LTINT","TOT","PC_PA","Q","2018-Q2",0.4190476,
"DEU","LTINT","TOT","PC_PA","Q","2018-Q3",0.3119717,
"DEU","LTINT","TOT","PC_PA","Q","2018-Q4",0.3000802,
"DEU","LTINT","TOT","PC_PA","Q","2019-Q1",0.06639322,
"DEU","LTINT","TOT","PC_PA","Q","2019-Q2",-0.1631029,
"DEU","LTINT","TOT","PC_PA","Q","2019-Q3",-0.5440379,
"DEU","LTINT","TOT","PC_PA","Q","2019-Q4",-0.3737903,
"DEU","LTINT","TOT","PC_PA","Q","2020-Q1",-0.4403333,
"DEU","LTINT","TOT","PC_PA","Q","2020-Q2",-0.4667619,
"DEU","LTINT","TOT","PC_PA","Q","2020-Q3",-0.5234892,
"DEU","LTINT","TOT","PC_PA","Q","2020-Q4",-0.6135116,
"DEU","LTINT","TOT","PC_PA","Q","2021-Q1",-0.4645942,
"DEU","LTINT","TOT","PC_PA","Q","2021-Q2",-0.2790455,
"DEU","LTINT","TOT","PC_PA","Q","2021-Q3",-0.4509091,
"DEU","LTINT","TOT","PC_PA","Q","2021-Q4",-0.3007359,
"DEU","LTINT","TOT","PC_PA","Q","2022-Q1",0.1056591,
"DEU","LTINT","TOT","PC_PA","Q","2022-Q2",1.048014,
"DEU","LTINT","TOT","PC_PA","Q","2022-Q3",1.303902,
"DEU","LTINT","TOT","PC_PA","Q","2022-Q4",2.112756,
"DEU","LTINT","TOT","PC_PA","Q","2023-Q1",2.315568,
"DEU","LTINT","TOT","PC_PA","Q","2023-Q2",2.35936,
"DEU","LTINT","TOT","PC_PA","Q","2023-Q3",2.554106,
"CAN","LTINT","TOT","PC_PA","Q","2000-Q1",6.286111,
"CAN","LTINT","TOT","PC_PA","Q","2000-Q2",6.011555,
"CAN","LTINT","TOT","PC_PA","Q","2000-Q3",5.786455,
"CAN","LTINT","TOT","PC_PA","Q","2000-Q4",5.617527,
"CAN","LTINT","TOT","PC_PA","Q","2001-Q1",5.383333,
"CAN","LTINT","TOT","PC_PA","Q","2001-Q2",5.72032,
"CAN","LTINT","TOT","PC_PA","Q","2001-Q3",5.544672,
"CAN","LTINT","TOT","PC_PA","Q","2001-Q4",5.272764,
"CAN","LTINT","TOT","PC_PA","Q","2002-Q1",5.443879,
"CAN","LTINT","TOT","PC_PA","Q","2002-Q2",5.559515,
"CAN","LTINT","TOT","PC_PA","Q","2002-Q3",5.09881,
"CAN","LTINT","TOT","PC_PA","Q","2002-Q4",5.061424,
"CAN","LTINT","TOT","PC_PA","Q","2003-Q1",4.99032,
"CAN","LTINT","TOT","PC_PA","Q","2003-Q2",4.670635,
"CAN","LTINT","TOT","PC_PA","Q","2003-Q3",4.780775,
"CAN","LTINT","TOT","PC_PA","Q","2003-Q4",4.800448,
"CAN","LTINT","TOT","PC_PA","Q","2004-Q1",4.432708,
"CAN","LTINT","TOT","PC_PA","Q","2004-Q2",4.772861,
"CAN","LTINT","TOT","PC_PA","Q","2004-Q3",4.661111,
"CAN","LTINT","TOT","PC_PA","Q","2004-Q4",4.451746,
"CAN","LTINT","TOT","PC_PA","Q","2005-Q1",4.27456,
"CAN","LTINT","TOT","PC_PA","Q","2005-Q2",4.031934,
"CAN","LTINT","TOT","PC_PA","Q","2005-Q3",3.896175,
"CAN","LTINT","TOT","PC_PA","Q","2005-Q4",4.065048,
"CAN","LTINT","TOT","PC_PA","Q","2006-Q1",4.132871,
"CAN","LTINT","TOT","PC_PA","Q","2006-Q2",4.4189,
"CAN","LTINT","TOT","PC_PA","Q","2006-Q3",4.2551,
"CAN","LTINT","TOT","PC_PA","Q","2006-Q4",4.024169,
"CAN","LTINT","TOT","PC_PA","Q","2007-Q1",4.095076,
"CAN","LTINT","TOT","PC_PA","Q","2007-Q2",4.359028,
"CAN","LTINT","TOT","PC_PA","Q","2007-Q3",4.458317,
"CAN","LTINT","TOT","PC_PA","Q","2007-Q4",4.166648,
"CAN","LTINT","TOT","PC_PA","Q","2008-Q1",3.728394,
"CAN","LTINT","TOT","PC_PA","Q","2008-Q2",3.670022,
"CAN","LTINT","TOT","PC_PA","Q","2008-Q3",3.627636,
"CAN","LTINT","TOT","PC_PA","Q","2008-Q4",3.395158,
"CAN","LTINT","TOT","PC_PA","Q","2009-Q1",2.886272,
"CAN","LTINT","TOT","PC_PA","Q","2009-Q2",3.205126,
"CAN","LTINT","TOT","PC_PA","Q","2009-Q3",3.419768,
"CAN","LTINT","TOT","PC_PA","Q","2009-Q4",3.411309,
"CAN","LTINT","TOT","PC_PA","Q","2010-Q1",3.466373,
"CAN","LTINT","TOT","PC_PA","Q","2010-Q2",3.471076,
"CAN","LTINT","TOT","PC_PA","Q","2010-Q3",3.005397,
"CAN","LTINT","TOT","PC_PA","Q","2010-Q4",2.997714,
"CAN","LTINT","TOT","PC_PA","Q","2011-Q1",3.312297,
"CAN","LTINT","TOT","PC_PA","Q","2011-Q2",3.155877,
"CAN","LTINT","TOT","PC_PA","Q","2011-Q3",2.527177,
"CAN","LTINT","TOT","PC_PA","Q","2011-Q4",2.136794,
"CAN","LTINT","TOT","PC_PA","Q","2012-Q1",2.035939,
"CAN","LTINT","TOT","PC_PA","Q","2012-Q2",1.911464,
"CAN","LTINT","TOT","PC_PA","Q","2012-Q3",1.773634,
"CAN","LTINT","TOT","PC_PA","Q","2012-Q4",1.772603,
"CAN","LTINT","TOT","PC_PA","Q","2013-Q1",1.916919,
"CAN","LTINT","TOT","PC_PA","Q","2013-Q2",1.964985,
"CAN","LTINT","TOT","PC_PA","Q","2013-Q3",2.582537,
"CAN","LTINT","TOT","PC_PA","Q","2013-Q4",2.583394,
"CAN","LTINT","TOT","PC_PA","Q","2014-Q1",2.469459,
"CAN","LTINT","TOT","PC_PA","Q","2014-Q2",2.352857,
"CAN","LTINT","TOT","PC_PA","Q","2014-Q3",2.145833,
"CAN","LTINT","TOT","PC_PA","Q","2014-Q4",1.955172,
"CAN","LTINT","TOT","PC_PA","Q","2015-Q1",1.442184,
"CAN","LTINT","TOT","PC_PA","Q","2015-Q2",1.644984,
"CAN","LTINT","TOT","PC_PA","Q","2015-Q3",1.480825,
"CAN","LTINT","TOT","PC_PA","Q","2015-Q4",1.518786,
"CAN","LTINT","TOT","PC_PA","Q","2016-Q1",1.216894,
"CAN","LTINT","TOT","PC_PA","Q","2016-Q2",1.284791,
"CAN","LTINT","TOT","PC_PA","Q","2016-Q3",1.059973,
"CAN","LTINT","TOT","PC_PA","Q","2016-Q4",1.445373,
"CAN","LTINT","TOT","PC_PA","Q","2017-Q1",1.712945,
"CAN","LTINT","TOT","PC_PA","Q","2017-Q2",1.513022,
"CAN","LTINT","TOT","PC_PA","Q","2017-Q3",1.947045,
"CAN","LTINT","TOT","PC_PA","Q","2017-Q4",1.961596,
"CAN","LTINT","TOT","PC_PA","Q","2018-Q1",2.236988,
"CAN","LTINT","TOT","PC_PA","Q","2018-Q2",2.27785,
"CAN","LTINT","TOT","PC_PA","Q","2018-Q3",2.27876,
"CAN","LTINT","TOT","PC_PA","Q","2018-Q4",2.31805,
"CAN","LTINT","TOT","PC_PA","Q","2019-Q1",1.857795,
"CAN","LTINT","TOT","PC_PA","Q","2019-Q2",1.616548,
"CAN","LTINT","TOT","PC_PA","Q","2019-Q3",1.362776,
"CAN","LTINT","TOT","PC_PA","Q","2019-Q4",1.517848,
"CAN","LTINT","TOT","PC_PA","Q","2020-Q1",1.202034,
"CAN","LTINT","TOT","PC_PA","Q","2020-Q2",0.5898355,
"CAN","LTINT","TOT","PC_PA","Q","2020-Q3",0.5464625,
"CAN","LTINT","TOT","PC_PA","Q","2020-Q4",0.6741032,
"CAN","LTINT","TOT","PC_PA","Q","2021-Q1",1.133832,
"CAN","LTINT","TOT","PC_PA","Q","2021-Q2",1.488397,
"CAN","LTINT","TOT","PC_PA","Q","2021-Q3",1.235444,
"CAN","LTINT","TOT","PC_PA","Q","2021-Q4",1.577571,
"CAN","LTINT","TOT","PC_PA","Q","2022-Q1",1.923549,
"CAN","LTINT","TOT","PC_PA","Q","2022-Q2",2.979342,
"CAN","LTINT","TOT","PC_PA","Q","2022-Q3",3.008697,
"CAN","LTINT","TOT","PC_PA","Q","2022-Q4",3.16273,
"CAN","LTINT","TOT","PC_PA","Q","2023-Q1",3.035103,
"CAN","LTINT","TOT","PC_PA","Q","2023-Q2",3.097703,
"CAN","LTINT","TOT","PC_PA","Q","2023-Q3",3.640697,
"MEX","LTINT","TOT","PC_PA","Q","2002-Q1",9.876667,
"MEX","LTINT","TOT","PC_PA","Q","2002-Q2",9.666667,
"MEX","LTINT","TOT","PC_PA","Q","2002-Q3",10.20667,
"MEX","LTINT","TOT","PC_PA","Q","2002-Q4",10.75,
"MEX","LTINT","TOT","PC_PA","Q","2003-Q1",10.26333,
"MEX","LTINT","TOT","PC_PA","Q","2003-Q2",8.696667,
"MEX","LTINT","TOT","PC_PA","Q","2003-Q3",8.663333,
"MEX","LTINT","TOT","PC_PA","Q","2003-Q4",8.303333,
"MEX","LTINT","TOT","PC_PA","Q","2004-Q1",8.433333,
"MEX","LTINT","TOT","PC_PA","Q","2004-Q2",9.773334,
"MEX","LTINT","TOT","PC_PA","Q","2004-Q3",10.02667,
"MEX","LTINT","TOT","PC_PA","Q","2004-Q4",9.92,
"MEX","LTINT","TOT","PC_PA","Q","2005-Q1",9.966666,
"MEX","LTINT","TOT","PC_PA","Q","2005-Q2",9.936666,
"MEX","LTINT","TOT","PC_PA","Q","2005-Q3",9.09,
"MEX","LTINT","TOT","PC_PA","Q","2005-Q4",8.676666,
"MEX","LTINT","TOT","PC_PA","Q","2006-Q1",8.236667,
"MEX","LTINT","TOT","PC_PA","Q","2006-Q2",9.036667,
"MEX","LTINT","TOT","PC_PA","Q","2006-Q3",8.333333,
"MEX","LTINT","TOT","PC_PA","Q","2006-Q4",7.946667,
"MEX","LTINT","TOT","PC_PA","Q","2007-Q1",7.736667,
"MEX","LTINT","TOT","PC_PA","Q","2007-Q2",7.626667,
"MEX","LTINT","TOT","PC_PA","Q","2007-Q3",7.8,
"MEX","LTINT","TOT","PC_PA","Q","2008-Q4",8.77,
"MEX","LTINT","TOT","PC_PA","Q","2010-Q3",6.54,
"MEX","LTINT","TOT","PC_PA","Q","2011-Q4",6.563334,
"MEX","LTINT","TOT","PC_PA","Q","2013-Q2",5.28,
"MEX","LTINT","TOT","PC_PA","Q","2014-Q4",5.986667,
"MEX","LTINT","TOT","PC_PA","Q","2016-Q1",6.11,
"MEX","LTINT","TOT","PC_PA","Q","2017-Q3",6.853333,
"MEX","LTINT","TOT","PC_PA","Q","2019-Q1",8.403334,
"MEX","LTINT","TOT","PC_PA","Q","2020-Q3",5.753334,
"MEX","LTINT","TOT","PC_PA","Q","2021-Q4",7.573333,
"MEX","LTINT","TOT","PC_PA","Q","2022-Q2",8.983334,
"MEX","LTINT","TOT","PC_PA","Q","2022-Q4",9.403334,
"MEX","LTINT","TOT","PC_PA","Q","2023-Q1",9.035,
"MEX","LTINT","TOT","PC_PA","Q","2023-Q2",8.74,
"MEX","LTINT","TOT","PC_PA","Q","2023-Q3",9.39,
"JPN","LTINT","TOT","PC_PA","Q","2000-Q1",1.768667,
"JPN","LTINT","TOT","PC_PA","Q","2000-Q2",1.703,
"JPN","LTINT","TOT","PC_PA","Q","2000-Q3",1.771667,
"JPN","LTINT","TOT","PC_PA","Q","2000-Q4",1.734333,
"JPN","LTINT","TOT","PC_PA","Q","2001-Q1",1.364,
"JPN","LTINT","TOT","PC_PA","Q","2001-Q2",1.239,
"JPN","LTINT","TOT","PC_PA","Q","2001-Q3",1.331333,
"JPN","LTINT","TOT","PC_PA","Q","2001-Q4",1.341667,
"JPN","LTINT","TOT","PC_PA","Q","2002-Q1",1.447333,
"JPN","LTINT","TOT","PC_PA","Q","2002-Q2",1.362333,
"JPN","LTINT","TOT","PC_PA","Q","2002-Q3",1.226667,
"JPN","LTINT","TOT","PC_PA","Q","2002-Q4",1.016333,
"JPN","LTINT","TOT","PC_PA","Q","2003-Q1",0.796,
"JPN","LTINT","TOT","PC_PA","Q","2003-Q2",0.5896667,
"JPN","LTINT","TOT","PC_PA","Q","2003-Q3",1.260667,
"JPN","LTINT","TOT","PC_PA","Q","2003-Q4",1.366667,
"JPN","LTINT","TOT","PC_PA","Q","2004-Q1",1.319667,
"JPN","LTINT","TOT","PC_PA","Q","2004-Q2",1.610667,
"JPN","LTINT","TOT","PC_PA","Q","2004-Q3",1.596333,
"JPN","LTINT","TOT","PC_PA","Q","2004-Q4",1.444,
"JPN","LTINT","TOT","PC_PA","Q","2005-Q1",1.351333,
"JPN","LTINT","TOT","PC_PA","Q","2005-Q2",1.212667,
"JPN","LTINT","TOT","PC_PA","Q","2005-Q3",1.37,
"JPN","LTINT","TOT","PC_PA","Q","2005-Q4",1.485,
"JPN","LTINT","TOT","PC_PA","Q","2006-Q1",1.634667,
"JPN","LTINT","TOT","PC_PA","Q","2006-Q2",1.902,
"JPN","LTINT","TOT","PC_PA","Q","2006-Q3",1.741,
"JPN","LTINT","TOT","PC_PA","Q","2006-Q4",1.684333,
"JPN","LTINT","TOT","PC_PA","Q","2007-Q1",1.658,
"JPN","LTINT","TOT","PC_PA","Q","2007-Q2",1.763,
"JPN","LTINT","TOT","PC_PA","Q","2007-Q3",1.694667,
"JPN","LTINT","TOT","PC_PA","Q","2007-Q4",1.546333,
"JPN","LTINT","TOT","PC_PA","Q","2008-Q1",1.367667,
"JPN","LTINT","TOT","PC_PA","Q","2008-Q2",1.659667,
"JPN","LTINT","TOT","PC_PA","Q","2008-Q3",1.483,
"JPN","LTINT","TOT","PC_PA","Q","2008-Q4",1.359,
"JPN","LTINT","TOT","PC_PA","Q","2009-Q1",1.290667,
"JPN","LTINT","TOT","PC_PA","Q","2009-Q2",1.415333,
"JPN","LTINT","TOT","PC_PA","Q","2009-Q3",1.319333,
"JPN","LTINT","TOT","PC_PA","Q","2009-Q4",1.309667,
"JPN","LTINT","TOT","PC_PA","Q","2010-Q1",1.321333,
"JPN","LTINT","TOT","PC_PA","Q","2010-Q2",1.207667,
"JPN","LTINT","TOT","PC_PA","Q","2010-Q3",0.9986666,
"JPN","LTINT","TOT","PC_PA","Q","2010-Q4",1.065667,
"JPN","LTINT","TOT","PC_PA","Q","2011-Q1",1.222667,
"JPN","LTINT","TOT","PC_PA","Q","2011-Q2",1.139,
"JPN","LTINT","TOT","PC_PA","Q","2011-Q3",1.024333,
"JPN","LTINT","TOT","PC_PA","Q","2011-Q4",1.023667,
"JPN","LTINT","TOT","PC_PA","Q","2012-Q1",0.9623333,
"JPN","LTINT","TOT","PC_PA","Q","2012-Q2",0.8496667,
"JPN","LTINT","TOT","PC_PA","Q","2012-Q3",0.779,
"JPN","LTINT","TOT","PC_PA","Q","2012-Q4",0.7513334,
"JPN","LTINT","TOT","PC_PA","Q","2013-Q1",0.6453333,
"JPN","LTINT","TOT","PC_PA","Q","2013-Q2",0.7633333,
"JPN","LTINT","TOT","PC_PA","Q","2013-Q3",0.7223333,
"JPN","LTINT","TOT","PC_PA","Q","2013-Q4",0.6276667,
"JPN","LTINT","TOT","PC_PA","Q","2014-Q1",0.6016667,
"JPN","LTINT","TOT","PC_PA","Q","2014-Q2",0.5706667,
"JPN","LTINT","TOT","PC_PA","Q","2014-Q3",0.504,
"JPN","LTINT","TOT","PC_PA","Q","2014-Q4",0.405,
"JPN","LTINT","TOT","PC_PA","Q","2015-Q1",0.335,
"JPN","LTINT","TOT","PC_PA","Q","2015-Q2",0.395,
"JPN","LTINT","TOT","PC_PA","Q","2015-Q3",0.38,
"JPN","LTINT","TOT","PC_PA","Q","2015-Q4",0.29,
"JPN","LTINT","TOT","PC_PA","Q","2016-Q1",-0.006666667,
"JPN","LTINT","TOT","PC_PA","Q","2016-Q2",-0.145,
"JPN","LTINT","TOT","PC_PA","Q","2016-Q3",-0.1166667,
"JPN","LTINT","TOT","PC_PA","Q","2016-Q4",0.003333333,
"JPN","LTINT","TOT","PC_PA","Q","2017-Q1",0.06666667,
"JPN","LTINT","TOT","PC_PA","Q","2017-Q2",0.04333333,
"JPN","LTINT","TOT","PC_PA","Q","2017-Q3",0.04833333,
"JPN","LTINT","TOT","PC_PA","Q","2017-Q4",0.04833333,
"JPN","LTINT","TOT","PC_PA","Q","2018-Q1",0.05666667,
"JPN","LTINT","TOT","PC_PA","Q","2018-Q2",0.03666667,
"JPN","LTINT","TOT","PC_PA","Q","2018-Q3",0.09833334,
"JPN","LTINT","TOT","PC_PA","Q","2018-Q4",0.06833334,
"JPN","LTINT","TOT","PC_PA","Q","2019-Q1",-0.03666667,
"JPN","LTINT","TOT","PC_PA","Q","2019-Q2",-0.1016667,
"JPN","LTINT","TOT","PC_PA","Q","2019-Q3",-0.2183333,
"JPN","LTINT","TOT","PC_PA","Q","2019-Q4",-0.085,
"JPN","LTINT","TOT","PC_PA","Q","2020-Q1",-0.07166667,
"JPN","LTINT","TOT","PC_PA","Q","2020-Q2",-0.003333333,
"JPN","LTINT","TOT","PC_PA","Q","2020-Q3",0.02333333,
"JPN","LTINT","TOT","PC_PA","Q","2020-Q4",0.03,
"JPN","LTINT","TOT","PC_PA","Q","2021-Q1",0.1083333,
"JPN","LTINT","TOT","PC_PA","Q","2021-Q2",0.07333333,
"JPN","LTINT","TOT","PC_PA","Q","2021-Q3",0.03333334,
"JPN","LTINT","TOT","PC_PA","Q","2021-Q4",0.07166667,
"JPN","LTINT","TOT","PC_PA","Q","2022-Q1",0.1866667,
"JPN","LTINT","TOT","PC_PA","Q","2022-Q2",0.225,
"JPN","LTINT","TOT","PC_PA","Q","2022-Q3",0.2133333,
"JPN","LTINT","TOT","PC_PA","Q","2022-Q4",0.3016667,
"JPN","LTINT","TOT","PC_PA","Q","2023-Q1",0.4366667,
"JPN","LTINT","TOT","PC_PA","Q","2023-Q2",0.4033333,
"JPN","LTINT","TOT","PC_PA","Q","2023-Q3",0.6666667,
"FRA","LTINT","TOT","PC_PA","Q","2000-Q1",5.570967,
"FRA","LTINT","TOT","PC_PA","Q","2000-Q2",5.3864,
"FRA","LTINT","TOT","PC_PA","Q","2000-Q3",5.3928,
"FRA","LTINT","TOT","PC_PA","Q","2000-Q4",5.2277,
"FRA","LTINT","TOT","PC_PA","Q","2001-Q1",4.903067,
"FRA","LTINT","TOT","PC_PA","Q","2001-Q2",5.118967,
"FRA","LTINT","TOT","PC_PA","Q","2001-Q3",5.0156,
"FRA","LTINT","TOT","PC_PA","Q","2001-Q4",4.7202,
"FRA","LTINT","TOT","PC_PA","Q","2002-Q1",5.0546,
"FRA","LTINT","TOT","PC_PA","Q","2002-Q2",5.203367,
"FRA","LTINT","TOT","PC_PA","Q","2002-Q3",4.696933,
"FRA","LTINT","TOT","PC_PA","Q","2002-Q4",4.489967,
"FRA","LTINT","TOT","PC_PA","Q","2003-Q1",4.1114,
"FRA","LTINT","TOT","PC_PA","Q","2003-Q2",3.936033,
"FRA","LTINT","TOT","PC_PA","Q","2003-Q3",4.133733,
"FRA","LTINT","TOT","PC_PA","Q","2003-Q4",4.3424,
"FRA","LTINT","TOT","PC_PA","Q","2004-Q1",4.1059,
"FRA","LTINT","TOT","PC_PA","Q","2004-Q2",4.3066,
"FRA","LTINT","TOT","PC_PA","Q","2004-Q3",4.1589,
"FRA","LTINT","TOT","PC_PA","Q","2004-Q4",3.825267,
"FRA","LTINT","TOT","PC_PA","Q","2005-Q1",3.641933,
"FRA","LTINT","TOT","PC_PA","Q","2005-Q2",3.373767,
"FRA","LTINT","TOT","PC_PA","Q","2005-Q3",3.2335,
"FRA","LTINT","TOT","PC_PA","Q","2005-Q4",3.388567,
"FRA","LTINT","TOT","PC_PA","Q","2006-Q1",3.5125,
"FRA","LTINT","TOT","PC_PA","Q","2006-Q2",3.987033,
"FRA","LTINT","TOT","PC_PA","Q","2006-Q3",3.897367,
"FRA","LTINT","TOT","PC_PA","Q","2006-Q4",3.786067,
"FRA","LTINT","TOT","PC_PA","Q","2007-Q1",4.054067,
"FRA","LTINT","TOT","PC_PA","Q","2007-Q2",4.3879,
"FRA","LTINT","TOT","PC_PA","Q","2007-Q3",4.442833,
"FRA","LTINT","TOT","PC_PA","Q","2007-Q4",4.328,
"FRA","LTINT","TOT","PC_PA","Q","2008-Q1",4.082867,
"FRA","LTINT","TOT","PC_PA","Q","2008-Q2",4.469833,
"FRA","LTINT","TOT","PC_PA","Q","2008-Q3",4.484667,
"FRA","LTINT","TOT","PC_PA","Q","2008-Q4",3.899933,
"FRA","LTINT","TOT","PC_PA","Q","2009-Q1",3.642367,
"FRA","LTINT","TOT","PC_PA","Q","2009-Q2",3.787767,
"FRA","LTINT","TOT","PC_PA","Q","2009-Q3",3.635733,
"FRA","LTINT","TOT","PC_PA","Q","2009-Q4",3.5294,
"FRA","LTINT","TOT","PC_PA","Q","2010-Q1",3.483733,
"FRA","LTINT","TOT","PC_PA","Q","2010-Q2",3.1835,
"FRA","LTINT","TOT","PC_PA","Q","2010-Q3",2.7816,
"FRA","LTINT","TOT","PC_PA","Q","2010-Q4",3.019233,
"FRA","LTINT","TOT","PC_PA","Q","2011-Q1",3.551933,
"FRA","LTINT","TOT","PC_PA","Q","2011-Q2",3.536567,
"FRA","LTINT","TOT","PC_PA","Q","2011-Q3",3.009433,
"FRA","LTINT","TOT","PC_PA","Q","2011-Q4",3.1863,
"FRA","LTINT","TOT","PC_PA","Q","2012-Q1",3.0499,
"FRA","LTINT","TOT","PC_PA","Q","2012-Q2",2.771567,
"FRA","LTINT","TOT","PC_PA","Q","2012-Q3",2.2106,
"FRA","LTINT","TOT","PC_PA","Q","2012-Q4",2.1119,
"FRA","LTINT","TOT","PC_PA","Q","2013-Q1",2.160267,
"FRA","LTINT","TOT","PC_PA","Q","2013-Q2",1.9621,
"FRA","LTINT","TOT","PC_PA","Q","2013-Q3",2.365,
"FRA","LTINT","TOT","PC_PA","Q","2013-Q4",2.330033,
"FRA","LTINT","TOT","PC_PA","Q","2014-Q1",2.2629,
"FRA","LTINT","TOT","PC_PA","Q","2014-Q2",1.858667,
"FRA","LTINT","TOT","PC_PA","Q","2014-Q3",1.438733,
"FRA","LTINT","TOT","PC_PA","Q","2014-Q4",1.105467,
"FRA","LTINT","TOT","PC_PA","Q","2015-Q1",0.5934,
"FRA","LTINT","TOT","PC_PA","Q","2015-Q2",0.8397667,
"FRA","LTINT","TOT","PC_PA","Q","2015-Q3",1.0411,
"FRA","LTINT","TOT","PC_PA","Q","2015-Q4",0.8931667,
"FRA","LTINT","TOT","PC_PA","Q","2016-Q1",0.6481333,
"FRA","LTINT","TOT","PC_PA","Q","2016-Q2",0.4712333,
"FRA","LTINT","TOT","PC_PA","Q","2016-Q3",0.1695,
"FRA","LTINT","TOT","PC_PA","Q","2016-Q4",0.5826667,
"FRA","LTINT","TOT","PC_PA","Q","2017-Q1",0.9718,
"FRA","LTINT","TOT","PC_PA","Q","2017-Q2",0.7844667,
"FRA","LTINT","TOT","PC_PA","Q","2017-Q3",0.7485333,
"FRA","LTINT","TOT","PC_PA","Q","2017-Q4",0.7346333,
"FRA","LTINT","TOT","PC_PA","Q","2018-Q1",0.892,
"FRA","LTINT","TOT","PC_PA","Q","2018-Q2",0.7711333,
"FRA","LTINT","TOT","PC_PA","Q","2018-Q3",0.7118667,
"FRA","LTINT","TOT","PC_PA","Q","2018-Q4",0.7614334,
"FRA","LTINT","TOT","PC_PA","Q","2019-Q1",0.5441333,
"FRA","LTINT","TOT","PC_PA","Q","2019-Q2",0.2518,
"FRA","LTINT","TOT","PC_PA","Q","2019-Q3",-0.2279333,
"FRA","LTINT","TOT","PC_PA","Q","2019-Q4",-0.0472,
"FRA","LTINT","TOT","PC_PA","Q","2020-Q1",-0.08086666,
"FRA","LTINT","TOT","PC_PA","Q","2020-Q2",-0.005433333,
"FRA","LTINT","TOT","PC_PA","Q","2020-Q3",-0.1754333,
"FRA","LTINT","TOT","PC_PA","Q","2020-Q4",-0.3193333,
"FRA","LTINT","TOT","PC_PA","Q","2021-Q1",-0.1752333,
"FRA","LTINT","TOT","PC_PA","Q","2021-Q2",0.1180667,
"FRA","LTINT","TOT","PC_PA","Q","2021-Q3",-0.0267,
"FRA","LTINT","TOT","PC_PA","Q","2021-Q4",0.1133333,
"FRA","LTINT","TOT","PC_PA","Q","2022-Q1",0.59,
"FRA","LTINT","TOT","PC_PA","Q","2022-Q2",1.62,
"FRA","LTINT","TOT","PC_PA","Q","2022-Q3",1.936667,
"FRA","LTINT","TOT","PC_PA","Q","2022-Q4",2.656667,
"FRA","LTINT","TOT","PC_PA","Q","2023-Q1",2.826667,
"FRA","LTINT","TOT","PC_PA","Q","2023-Q2",2.93,
"FRA","LTINT","TOT","PC_PA","Q","2023-Q3",3.126667,
"USA","LTINT","TOT","PC_PA","Q","2000-Q1",6.48,
"USA","LTINT","TOT","PC_PA","Q","2000-Q2",6.176667,
"USA","LTINT","TOT","PC_PA","Q","2000-Q3",5.893333,
"USA","LTINT","TOT","PC_PA","Q","2000-Q4",5.566667,
"USA","LTINT","TOT","PC_PA","Q","2001-Q1",5.05,
"USA","LTINT","TOT","PC_PA","Q","2001-Q2",5.27,
"USA","LTINT","TOT","PC_PA","Q","2001-Q3",4.98,
"USA","LTINT","TOT","PC_PA","Q","2001-Q4",4.77,
"USA","LTINT","TOT","PC_PA","Q","2002-Q1",5.076667,
"USA","LTINT","TOT","PC_PA","Q","2002-Q2",5.1,
"USA","LTINT","TOT","PC_PA","Q","2002-Q3",4.26,
"USA","LTINT","TOT","PC_PA","Q","2002-Q4",4.006667,
"USA","LTINT","TOT","PC_PA","Q","2003-Q1",3.92,
"USA","LTINT","TOT","PC_PA","Q","2003-Q2",3.62,
"USA","LTINT","TOT","PC_PA","Q","2003-Q3",4.233333,
"USA","LTINT","TOT","PC_PA","Q","2003-Q4",4.286667,
"USA","LTINT","TOT","PC_PA","Q","2004-Q1",4.02,
"USA","LTINT","TOT","PC_PA","Q","2004-Q2",4.6,
"USA","LTINT","TOT","PC_PA","Q","2004-Q3",4.303333,
"USA","LTINT","TOT","PC_PA","Q","2004-Q4",4.173333,
"USA","LTINT","TOT","PC_PA","Q","2005-Q1",4.296667,
"USA","LTINT","TOT","PC_PA","Q","2005-Q2",4.16,
"USA","LTINT","TOT","PC_PA","Q","2005-Q3",4.213333,
"USA","LTINT","TOT","PC_PA","Q","2005-Q4",4.49,
"USA","LTINT","TOT","PC_PA","Q","2006-Q1",4.57,
"USA","LTINT","TOT","PC_PA","Q","2006-Q2",5.07,
"USA","LTINT","TOT","PC_PA","Q","2006-Q3",4.896667,
"USA","LTINT","TOT","PC_PA","Q","2006-Q4",4.63,
"USA","LTINT","TOT","PC_PA","Q","2007-Q1",4.68,
"USA","LTINT","TOT","PC_PA","Q","2007-Q2",4.846667,
"USA","LTINT","TOT","PC_PA","Q","2007-Q3",4.73,
"USA","LTINT","TOT","PC_PA","Q","2007-Q4",4.26,
"USA","LTINT","TOT","PC_PA","Q","2008-Q1",3.663333,
"USA","LTINT","TOT","PC_PA","Q","2008-Q2",3.886667,
"USA","LTINT","TOT","PC_PA","Q","2008-Q3",3.863333,
"USA","LTINT","TOT","PC_PA","Q","2008-Q4",3.253333,
"USA","LTINT","TOT","PC_PA","Q","2009-Q1",2.736667,
"USA","LTINT","TOT","PC_PA","Q","2009-Q2",3.313333,
"USA","LTINT","TOT","PC_PA","Q","2009-Q3",3.516667,
"USA","LTINT","TOT","PC_PA","Q","2009-Q4",3.46,
"USA","LTINT","TOT","PC_PA","Q","2010-Q1",3.716667,
"USA","LTINT","TOT","PC_PA","Q","2010-Q2",3.49,
"USA","LTINT","TOT","PC_PA","Q","2010-Q3",2.786667,
"USA","LTINT","TOT","PC_PA","Q","2010-Q4",2.863333,
"USA","LTINT","TOT","PC_PA","Q","2011-Q1",3.46,
"USA","LTINT","TOT","PC_PA","Q","2011-Q2",3.21,
"USA","LTINT","TOT","PC_PA","Q","2011-Q3",2.426667,
"USA","LTINT","TOT","PC_PA","Q","2011-Q4",2.046667,
"USA","LTINT","TOT","PC_PA","Q","2012-Q1",2.036667,
"USA","LTINT","TOT","PC_PA","Q","2012-Q2",1.823333,
"USA","LTINT","TOT","PC_PA","Q","2012-Q3",1.643333,
"USA","LTINT","TOT","PC_PA","Q","2012-Q4",1.706667,
"USA","LTINT","TOT","PC_PA","Q","2013-Q1",1.95,
"USA","LTINT","TOT","PC_PA","Q","2013-Q2",1.996667,
"USA","LTINT","TOT","PC_PA","Q","2013-Q3",2.71,
"USA","LTINT","TOT","PC_PA","Q","2013-Q4",2.746667,
"USA","LTINT","TOT","PC_PA","Q","2014-Q1",2.763333,
"USA","LTINT","TOT","PC_PA","Q","2014-Q2",2.623333,
"USA","LTINT","TOT","PC_PA","Q","2014-Q3",2.496667,
"USA","LTINT","TOT","PC_PA","Q","2014-Q4",2.28,
"USA","LTINT","TOT","PC_PA","Q","2015-Q1",1.966667,
"USA","LTINT","TOT","PC_PA","Q","2015-Q2",2.166667,
"USA","LTINT","TOT","PC_PA","Q","2015-Q3",2.22,
"USA","LTINT","TOT","PC_PA","Q","2015-Q4",2.19,
"USA","LTINT","TOT","PC_PA","Q","2016-Q1",1.92,
"USA","LTINT","TOT","PC_PA","Q","2016-Q2",1.753333,
"USA","LTINT","TOT","PC_PA","Q","2016-Q3",1.563333,
"USA","LTINT","TOT","PC_PA","Q","2016-Q4",2.13,
"USA","LTINT","TOT","PC_PA","Q","2017-Q1",2.443333,
"USA","LTINT","TOT","PC_PA","Q","2017-Q2",2.263333,
"USA","LTINT","TOT","PC_PA","Q","2017-Q3",2.243333,
"USA","LTINT","TOT","PC_PA","Q","2017-Q4",2.37,
"USA","LTINT","TOT","PC_PA","Q","2018-Q1",2.76,
"USA","LTINT","TOT","PC_PA","Q","2018-Q2",2.92,
"USA","LTINT","TOT","PC_PA","Q","2018-Q3",2.926667,
"USA","LTINT","TOT","PC_PA","Q","2018-Q4",3.033333,
"USA","LTINT","TOT","PC_PA","Q","2019-Q1",2.653333,
"USA","LTINT","TOT","PC_PA","Q","2019-Q2",2.333333,
"USA","LTINT","TOT","PC_PA","Q","2019-Q3",1.796667,
"USA","LTINT","TOT","PC_PA","Q","2019-Q4",1.793333,
"USA","LTINT","TOT","PC_PA","Q","2020-Q1",1.376667,
"USA","LTINT","TOT","PC_PA","Q","2020-Q2",0.6866667,
"USA","LTINT","TOT","PC_PA","Q","2020-Q3",0.65,
"USA","LTINT","TOT","PC_PA","Q","2020-Q4",0.8633333,
"USA","LTINT","TOT","PC_PA","Q","2021-Q1",1.316667,
"USA","LTINT","TOT","PC_PA","Q","2021-Q2",1.593333,
"USA","LTINT","TOT","PC_PA","Q","2021-Q3",1.323333,
"USA","LTINT","TOT","PC_PA","Q","2021-Q4",1.536667,
"USA","LTINT","TOT","PC_PA","Q","2022-Q1",1.94,
"USA","LTINT","TOT","PC_PA","Q","2022-Q2",2.93,
"USA","LTINT","TOT","PC_PA","Q","2022-Q3",3.106667,
"USA","LTINT","TOT","PC_PA","Q","2022-Q4",3.83,
"USA","LTINT","TOT","PC_PA","Q","2023-Q1",3.646667,
"USA","LTINT","TOT","PC_PA","Q","2023-Q2",3.593333,
"USA","LTINT","TOT","PC_PA","Q","2023-Q3",4.15,
"RUS","LTINT","TOT","PC_PA","Q","2000-Q1",50.19333,
"RUS","LTINT","TOT","PC_PA","Q","2000-Q2",39.99667,
"RUS","LTINT","TOT","PC_PA","Q","2000-Q3",26.23667,
"RUS","LTINT","TOT","PC_PA","Q","2000-Q4",24.22667,
"RUS","LTINT","TOT","PC_PA","Q","2001-Q1",22.54,
"RUS","LTINT","TOT","PC_PA","Q","2001-Q2",19.70333,
"RUS","LTINT","TOT","PC_PA","Q","2001-Q3",18.34,
"RUS","LTINT","TOT","PC_PA","Q","2001-Q4",16.95,
"RUS","LTINT","TOT","PC_PA","Q","2002-Q1",15.63,
"RUS","LTINT","TOT","PC_PA","Q","2002-Q2",16.82,
"RUS","LTINT","TOT","PC_PA","Q","2002-Q3",16.25,
"RUS","LTINT","TOT","PC_PA","Q","2002-Q4",14.59667,
"RUS","LTINT","TOT","PC_PA","Q","2003-Q1",11.15333,
"RUS","LTINT","TOT","PC_PA","Q","2003-Q2",8.24,
"RUS","LTINT","TOT","PC_PA","Q","2003-Q3",8.553333,
"RUS","LTINT","TOT","PC_PA","Q","2003-Q4",8.513333,
"RUS","LTINT","TOT","PC_PA","Q","2004-Q1",7.963333,
"RUS","LTINT","TOT","PC_PA","Q","2004-Q2",8.413333,
"RUS","LTINT","TOT","PC_PA","Q","2004-Q3",8.46,
"RUS","LTINT","TOT","PC_PA","Q","2004-Q4",8.32,
"RUS","LTINT","TOT","PC_PA","Q","2005-Q1",8.426666,
"RUS","LTINT","TOT","PC_PA","Q","2005-Q2",8.513333,
"RUS","LTINT","TOT","PC_PA","Q","2005-Q3",8.136666,
"RUS","LTINT","TOT","PC_PA","Q","2005-Q4",7.353333,
"RUS","LTINT","TOT","PC_PA","Q","2006-Q1",6.993333,
"RUS","LTINT","TOT","PC_PA","Q","2006-Q2",7.05,
"RUS","LTINT","TOT","PC_PA","Q","2006-Q3",7.006667,
"RUS","LTINT","TOT","PC_PA","Q","2006-Q4",6.856667,
"RUS","LTINT","TOT","PC_PA","Q","2007-Q1",6.77,
"RUS","LTINT","TOT","PC_PA","Q","2007-Q2",6.696667,
"RUS","LTINT","TOT","PC_PA","Q","2007-Q3",6.726666,
"RUS","LTINT","TOT","PC_PA","Q","2007-Q4",6.676667,
"RUS","LTINT","TOT","PC_PA","Q","2008-Q1",6.806667,
"RUS","LTINT","TOT","PC_PA","Q","2008-Q2",6.976666,
"RUS","LTINT","TOT","PC_PA","Q","2008-Q3",7.646667,
"RUS","LTINT","TOT","PC_PA","Q","2008-Q4",8.663333,
"RUS","LTINT","TOT","PC_PA","Q","2009-Q1",10.21667,
"RUS","LTINT","TOT","PC_PA","Q","2009-Q2",9.983334,
"RUS","LTINT","TOT","PC_PA","Q","2009-Q3",10.12667,
"RUS","LTINT","TOT","PC_PA","Q","2009-Q4",9.17,
"RUS","LTINT","TOT","PC_PA","Q","2010-Q1",8.2,
"RUS","LTINT","TOT","PC_PA","Q","2010-Q2",7.63,
"RUS","LTINT","TOT","PC_PA","Q","2010-Q3",7.66,
"RUS","LTINT","TOT","PC_PA","Q","2010-Q4",7.836667,
"RUS","LTINT","TOT","PC_PA","Q","2011-Q1",8.016666,
"RUS","LTINT","TOT","PC_PA","Q","2011-Q2",8.036667,
"RUS","LTINT","TOT","PC_PA","Q","2011-Q3",8.076667,
"RUS","LTINT","TOT","PC_PA","Q","2011-Q4",8.113334,
"RUS","LTINT","TOT","PC_PA","Q","2012-Q1",8.166667,
"RUS","LTINT","TOT","PC_PA","Q","2012-Q2",8.19,
"RUS","LTINT","TOT","PC_PA","Q","2012-Q3",8.17,
"RUS","LTINT","TOT","PC_PA","Q","2012-Q4",8.09,
"RUS","LTINT","TOT","PC_PA","Q","2013-Q1",7.02,
"RUS","LTINT","TOT","PC_PA","Q","2013-Q2",7.13,
"RUS","LTINT","TOT","PC_PA","Q","2013-Q3",7.523334,
"RUS","LTINT","TOT","PC_PA","Q","2013-Q4",7.65,
"RUS","LTINT","TOT","PC_PA","Q","2014-Q1",7.96,
"RUS","LTINT","TOT","PC_PA","Q","2014-Q2",8.146667,
"RUS","LTINT","TOT","PC_PA","Q","2014-Q3",8.506667,
"RUS","LTINT","TOT","PC_PA","Q","2014-Q4",9.243333,
"RUS","LTINT","TOT","PC_PA","Q","2015-Q1",10.52667,
"RUS","LTINT","TOT","PC_PA","Q","2015-Q2",9.58,
"RUS","LTINT","TOT","PC_PA","Q","2015-Q3",11.33,
"RUS","LTINT","TOT","PC_PA","Q","2015-Q4",12.11,
"RUS","LTINT","TOT","PC_PA","Q","2016-Q1",11.15333,
"RUS","LTINT","TOT","PC_PA","Q","2016-Q2",10.46667,
"RUS","LTINT","TOT","PC_PA","Q","2016-Q3",10.08667,
"RUS","LTINT","TOT","PC_PA","Q","2016-Q4",10.04667,
"RUS","LTINT","TOT","PC_PA","Q","2017-Q1",9.65,
"RUS","LTINT","TOT","PC_PA","Q","2017-Q2",9.136666,
"RUS","LTINT","TOT","PC_PA","Q","2017-Q3",8.743333,
"RUS","LTINT","TOT","PC_PA","Q","2017-Q4",8.44,
"RUS","LTINT","TOT","PC_PA","Q","2018-Q1",7.873333,
"RUS","LTINT","TOT","PC_PA","Q","2018-Q2",7.7,
"KOR","LTINT","TOT","PC_PA","Q","2000-Q4",7.763333,
"KOR","LTINT","TOT","PC_PA","Q","2001-Q1",6.686666,
"KOR","LTINT","TOT","PC_PA","Q","2001-Q2",7.486667,
"KOR","LTINT","TOT","PC_PA","Q","2001-Q3",6.436666,
"KOR","LTINT","TOT","PC_PA","Q","2001-Q4",6.81,
"KOR","LTINT","TOT","PC_PA","Q","2002-Q1",7.09,
"KOR","LTINT","TOT","PC_PA","Q","2002-Q2",7.05,
"KOR","LTINT","TOT","PC_PA","Q","2002-Q3",6.313334,
"KOR","LTINT","TOT","PC_PA","Q","2002-Q4",5.893333,
"KOR","LTINT","TOT","PC_PA","Q","2003-Q1",5.26,
"KOR","LTINT","TOT","PC_PA","Q","2003-Q2",4.723333,
"KOR","LTINT","TOT","PC_PA","Q","2003-Q3",4.993333,
"KOR","LTINT","TOT","PC_PA","Q","2003-Q4",5.216667,
"KOR","LTINT","TOT","PC_PA","Q","2004-Q1",5.37,
"KOR","LTINT","TOT","PC_PA","Q","2004-Q2",5.14,
"KOR","LTINT","TOT","PC_PA","Q","2004-Q3",4.45,
"KOR","LTINT","TOT","PC_PA","Q","2004-Q4",3.953333,
"KOR","LTINT","TOT","PC_PA","Q","2005-Q1",4.69,
"KOR","LTINT","TOT","PC_PA","Q","2005-Q2",4.523334,
"KOR","LTINT","TOT","PC_PA","Q","2005-Q3",5.04,
"KOR","LTINT","TOT","PC_PA","Q","2005-Q4",5.546667,
"KOR","LTINT","TOT","PC_PA","Q","2006-Q1",5.426667,
"KOR","LTINT","TOT","PC_PA","Q","2006-Q2",5.3,
"KOR","LTINT","TOT","PC_PA","Q","2006-Q3",4.996666,
"KOR","LTINT","TOT","PC_PA","Q","2006-Q4",4.883333,
"KOR","LTINT","TOT","PC_PA","Q","2007-Q1",4.996666,
"KOR","LTINT","TOT","PC_PA","Q","2007-Q2",5.256667,
"KOR","LTINT","TOT","PC_PA","Q","2007-Q3",5.486667,
"KOR","LTINT","TOT","PC_PA","Q","2007-Q4",5.663333,
"KOR","LTINT","TOT","PC_PA","Q","2008-Q1",5.4,
"KOR","LTINT","TOT","PC_PA","Q","2008-Q2",5.52,
"KOR","LTINT","TOT","PC_PA","Q","2008-Q3",5.976666,
"KOR","LTINT","TOT","PC_PA","Q","2008-Q4",5.376667,
"KOR","LTINT","TOT","PC_PA","Q","2009-Q1",4.876667,
"KOR","LTINT","TOT","PC_PA","Q","2009-Q2",5.07,
"KOR","LTINT","TOT","PC_PA","Q","2009-Q3",5.333333,
"KOR","LTINT","TOT","PC_PA","Q","2009-Q4",5.383333,
"KOR","LTINT","TOT","PC_PA","Q","2010-Q1",5.19,
"KOR","LTINT","TOT","PC_PA","Q","2010-Q2",4.93,
"KOR","LTINT","TOT","PC_PA","Q","2010-Q3",4.623333,
"KOR","LTINT","TOT","PC_PA","Q","2010-Q4",4.35,
"KOR","LTINT","TOT","PC_PA","Q","2011-Q1",4.653333,
"KOR","LTINT","TOT","PC_PA","Q","2011-Q2",4.353333,
"KOR","LTINT","TOT","PC_PA","Q","2011-Q3",3.98,
"KOR","LTINT","TOT","PC_PA","Q","2011-Q4",3.823333,
"KOR","LTINT","TOT","PC_PA","Q","2012-Q1",3.853333,
"KOR","LTINT","TOT","PC_PA","Q","2012-Q2",3.76,
"KOR","LTINT","TOT","PC_PA","Q","2012-Q3",3.146667,
"KOR","LTINT","TOT","PC_PA","Q","2012-Q4",3.03,
"KOR","LTINT","TOT","PC_PA","Q","2013-Q1",3,
"KOR","LTINT","TOT","PC_PA","Q","2013-Q2",3.016667,
"KOR","LTINT","TOT","PC_PA","Q","2013-Q3",3.536667,
"KOR","LTINT","TOT","PC_PA","Q","2013-Q4",3.559,
"KOR","LTINT","TOT","PC_PA","Q","2014-Q1",3.570667,
"KOR","LTINT","TOT","PC_PA","Q","2014-Q2",3.409333,
"KOR","LTINT","TOT","PC_PA","Q","2014-Q3",3.051333,
"KOR","LTINT","TOT","PC_PA","Q","2014-Q4",2.714,
"KOR","LTINT","TOT","PC_PA","Q","2015-Q1",2.345667,
"KOR","LTINT","TOT","PC_PA","Q","2015-Q2",2.378333,
"KOR","LTINT","TOT","PC_PA","Q","2015-Q3",2.324667,
"KOR","LTINT","TOT","PC_PA","Q","2015-Q4",2.174333,
"KOR","LTINT","TOT","PC_PA","Q","2016-Q1",1.901667,
"KOR","LTINT","TOT","PC_PA","Q","2016-Q2",1.738,
"KOR","LTINT","TOT","PC_PA","Q","2016-Q3",1.443333,
"KOR","LTINT","TOT","PC_PA","Q","2016-Q4",1.906667,
"KOR","LTINT","TOT","PC_PA","Q","2017-Q1",2.165,
"KOR","LTINT","TOT","PC_PA","Q","2017-Q2",2.201333,
"KOR","LTINT","TOT","PC_PA","Q","2017-Q3",2.275,
"KOR","LTINT","TOT","PC_PA","Q","2017-Q4",2.489,
"KOR","LTINT","TOT","PC_PA","Q","2018-Q1",2.701333,
"KOR","LTINT","TOT","PC_PA","Q","2018-Q2",2.689333,
"KOR","LTINT","TOT","PC_PA","Q","2018-Q3",2.440667,
"KOR","LTINT","TOT","PC_PA","Q","2018-Q4",2.179667,
"KOR","LTINT","TOT","PC_PA","Q","2019-Q1",1.977333,
"KOR","LTINT","TOT","PC_PA","Q","2019-Q2",1.778333,
"KOR","LTINT","TOT","PC_PA","Q","2019-Q3",1.393333,
"KOR","LTINT","TOT","PC_PA","Q","2019-Q4",1.66,
"KOR","LTINT","TOT","PC_PA","Q","2020-Q1",1.560333,
"KOR","LTINT","TOT","PC_PA","Q","2020-Q2",1.43,
"KOR","LTINT","TOT","PC_PA","Q","2020-Q3",1.411,
"KOR","LTINT","TOT","PC_PA","Q","2020-Q4",1.597333,
"KOR","LTINT","TOT","PC_PA","Q","2021-Q1",1.872,
"KOR","LTINT","TOT","PC_PA","Q","2021-Q2",2.091667,
"KOR","LTINT","TOT","PC_PA","Q","2021-Q3",1.980667,
"KOR","LTINT","TOT","PC_PA","Q","2021-Q4",2.313667,
"KOR","LTINT","TOT","PC_PA","Q","2022-Q1",2.655333,
"KOR","LTINT","TOT","PC_PA","Q","2022-Q2",3.384667,
"KOR","LTINT","TOT","PC_PA","Q","2022-Q3",3.506333,
"KOR","LTINT","TOT","PC_PA","Q","2022-Q4",3.907667,
"KOR","LTINT","TOT","PC_PA","Q","2023-Q1",3.436333,
"KOR","LTINT","TOT","PC_PA","Q","2023-Q2",3.444,
"KOR","LTINT","TOT","PC_PA","Q","2023-Q3",3.83,
"POL","LTINT","TOT","PC_PA","Q","2001-Q1",10.42667,
"POL","LTINT","TOT","PC_PA","Q","2001-Q2",11.17667,
"POL","LTINT","TOT","PC_PA","Q","2001-Q3",11.71333,
"POL","LTINT","TOT","PC_PA","Q","2001-Q4",9.41,
"POL","LTINT","TOT","PC_PA","Q","2002-Q1",8.306666,
"POL","LTINT","TOT","PC_PA","Q","2002-Q2",7.926667,
"POL","LTINT","TOT","PC_PA","Q","2002-Q3",7.21,
"POL","LTINT","TOT","PC_PA","Q","2002-Q4",5.98,
"POL","LTINT","TOT","PC_PA","Q","2003-Q1",5.613333,
"POL","LTINT","TOT","PC_PA","Q","2003-Q2",5.186666,
"POL","LTINT","TOT","PC_PA","Q","2003-Q3",5.636667,
"POL","LTINT","TOT","PC_PA","Q","2003-Q4",6.673333,
"POL","LTINT","TOT","PC_PA","Q","2004-Q1",6.713333,
"POL","LTINT","TOT","PC_PA","Q","2004-Q2",7.203333,
"POL","LTINT","TOT","PC_PA","Q","2004-Q3",7.253334,
"POL","LTINT","TOT","PC_PA","Q","2004-Q4",6.416667,
"POL","LTINT","TOT","PC_PA","Q","2005-Q1",5.75,
"POL","LTINT","TOT","PC_PA","Q","2005-Q2",5.25,
"POL","LTINT","TOT","PC_PA","Q","2005-Q3",4.723333,
"POL","LTINT","TOT","PC_PA","Q","2005-Q4",5.15,
"POL","LTINT","TOT","PC_PA","Q","2006-Q1",4.843333,
"POL","LTINT","TOT","PC_PA","Q","2006-Q2",5.283333,
"POL","LTINT","TOT","PC_PA","Q","2006-Q3",5.553333,
"POL","LTINT","TOT","PC_PA","Q","2006-Q4",5.246666,
"POL","LTINT","TOT","PC_PA","Q","2007-Q1",5.183333,
"POL","LTINT","TOT","PC_PA","Q","2007-Q2",5.363333,
"POL","LTINT","TOT","PC_PA","Q","2007-Q3",5.656667,
"POL","LTINT","TOT","PC_PA","Q","2007-Q4",5.734,
"POL","LTINT","TOT","PC_PA","Q","2008-Q1",5.873333,
"POL","LTINT","TOT","PC_PA","Q","2008-Q2",6.17,
"POL","LTINT","TOT","PC_PA","Q","2008-Q3",6.15,
"POL","LTINT","TOT","PC_PA","Q","2008-Q4",6.093333,
"POL","LTINT","TOT","PC_PA","Q","2009-Q1",5.884394,
"POL","LTINT","TOT","PC_PA","Q","2009-Q2",6.281333,
"POL","LTINT","TOT","PC_PA","Q","2009-Q3",6.146667,
"POL","LTINT","TOT","PC_PA","Q","2009-Q4",6.17,
"POL","LTINT","TOT","PC_PA","Q","2010-Q1",5.98,
"POL","LTINT","TOT","PC_PA","Q","2010-Q2",5.72,
"POL","LTINT","TOT","PC_PA","Q","2010-Q3",5.65,
"POL","LTINT","TOT","PC_PA","Q","2010-Q4",5.776667,
"POL","LTINT","TOT","PC_PA","Q","2011-Q1",6.263333,
"POL","LTINT","TOT","PC_PA","Q","2011-Q2",6.026667,
"POL","LTINT","TOT","PC_PA","Q","2011-Q3",5.75,
"POL","LTINT","TOT","PC_PA","Q","2011-Q4",5.782333,
"POL","LTINT","TOT","PC_PA","Q","2012-Q1",5.5019,
"POL","LTINT","TOT","PC_PA","Q","2012-Q2",5.378567,
"POL","LTINT","TOT","PC_PA","Q","2012-Q3",4.906667,
"POL","LTINT","TOT","PC_PA","Q","2012-Q4",4.21,
"POL","LTINT","TOT","PC_PA","Q","2013-Q1",3.943333,
"POL","LTINT","TOT","PC_PA","Q","2013-Q2",3.5765,
"POL","LTINT","TOT","PC_PA","Q","2013-Q3",4.254445,
"POL","LTINT","TOT","PC_PA","Q","2013-Q4",4.358889,
"POL","LTINT","TOT","PC_PA","Q","2014-Q1",4.38,
"POL","LTINT","TOT","PC_PA","Q","2014-Q2",3.813492,
"POL","LTINT","TOT","PC_PA","Q","2014-Q3",3.266967,
"POL","LTINT","TOT","PC_PA","Q","2014-Q4",2.604386,
"POL","LTINT","TOT","PC_PA","Q","2015-Q1",2.244152,
"POL","LTINT","TOT","PC_PA","Q","2015-Q2",2.7925,
"POL","LTINT","TOT","PC_PA","Q","2015-Q3",2.984271,
"POL","LTINT","TOT","PC_PA","Q","2015-Q4",2.781303,
"POL","LTINT","TOT","PC_PA","Q","2016-Q1",2.972281,
"POL","LTINT","TOT","PC_PA","Q","2016-Q2",3.034286,
"POL","LTINT","TOT","PC_PA","Q","2016-Q3",2.81619,
"POL","LTINT","TOT","PC_PA","Q","2016-Q4",3.32,
"POL","LTINT","TOT","PC_PA","Q","2017-Q1",3.716667,
"POL","LTINT","TOT","PC_PA","Q","2017-Q2",3.32,
"POL","LTINT","TOT","PC_PA","Q","2017-Q3",3.296667,
"POL","LTINT","TOT","PC_PA","Q","2017-Q4",3.346667,
"POL","LTINT","TOT","PC_PA","Q","2018-Q1",3.326667,
"POL","LTINT","TOT","PC_PA","Q","2018-Q2",3.166667,
"POL","LTINT","TOT","PC_PA","Q","2018-Q3",3.183333,
"POL","LTINT","TOT","PC_PA","Q","2018-Q4",3.116667,
"POL","LTINT","TOT","PC_PA","Q","2019-Q1",2.74,
"POL","LTINT","TOT","PC_PA","Q","2019-Q2",2.61,
"POL","LTINT","TOT","PC_PA","Q","2019-Q3",2.026667,
"POL","LTINT","TOT","PC_PA","Q","2019-Q4",2.013333,
"POL","LTINT","TOT","PC_PA","Q","2020-Q1",2.04,
"POL","LTINT","TOT","PC_PA","Q","2020-Q2",1.373333,
"POL","LTINT","TOT","PC_PA","Q","2020-Q3",1.333333,
"POL","LTINT","TOT","PC_PA","Q","2020-Q4",1.25,
"POL","LTINT","TOT","PC_PA","Q","2021-Q1",1.34,
"POL","LTINT","TOT","PC_PA","Q","2021-Q2",1.716667,
"POL","LTINT","TOT","PC_PA","Q","2021-Q3",1.693333,
"POL","LTINT","TOT","PC_PA","Q","2021-Q4",3.026667,
"POL","LTINT","TOT","PC_PA","Q","2022-Q1",4.26,
"POL","LTINT","TOT","PC_PA","Q","2022-Q2",6.58,
"POL","LTINT","TOT","PC_PA","Q","2022-Q3",6.15,
"POL","LTINT","TOT","PC_PA","Q","2022-Q4",7.223333,
"POL","LTINT","TOT","PC_PA","Q","2023-Q1",6.113333,
"POL","LTINT","TOT","PC_PA","Q","2023-Q2",5.97,
"POL","LTINT","TOT","PC_PA","Q","2023-Q3",5.61,
"ZAF","LTINT","TOT","PC_PA","Q","2000-Q1",13.63667,
"ZAF","LTINT","TOT","PC_PA","Q","2000-Q2",14.46333,
"ZAF","LTINT","TOT","PC_PA","Q","2000-Q3",13.71333,
"ZAF","LTINT","TOT","PC_PA","Q","2000-Q4",13.33333,
"ZAF","LTINT","TOT","PC_PA","Q","2001-Q1",12.12333,
"ZAF","LTINT","TOT","PC_PA","Q","2001-Q2",11.80667,
"ZAF","LTINT","TOT","PC_PA","Q","2001-Q3",10.82,
"ZAF","LTINT","TOT","PC_PA","Q","2001-Q4",10.87667,
"ZAF","LTINT","TOT","PC_PA","Q","2002-Q1",12.08948,
"ZAF","LTINT","TOT","PC_PA","Q","2002-Q2",11.91818,
"ZAF","LTINT","TOT","PC_PA","Q","2002-Q3",11.18702,
"ZAF","LTINT","TOT","PC_PA","Q","2002-Q4",10.84084,
"ZAF","LTINT","TOT","PC_PA","Q","2003-Q1",10.04432,
"ZAF","LTINT","TOT","PC_PA","Q","2003-Q2",9.662756,
"ZAF","LTINT","TOT","PC_PA","Q","2003-Q3",9.577929,
"ZAF","LTINT","TOT","PC_PA","Q","2003-Q4",9.184268,
"ZAF","LTINT","TOT","PC_PA","Q","2004-Q1",9.387322,
"ZAF","LTINT","TOT","PC_PA","Q","2004-Q2",10.16534,
"ZAF","LTINT","TOT","PC_PA","Q","2004-Q3",9.697727,
"ZAF","LTINT","TOT","PC_PA","Q","2004-Q4",8.81078,
"ZAF","LTINT","TOT","PC_PA","Q","2005-Q1",8.083873,
"ZAF","LTINT","TOT","PC_PA","Q","2005-Q2",8.296976,
"ZAF","LTINT","TOT","PC_PA","Q","2005-Q3",8.008845,
"ZAF","LTINT","TOT","PC_PA","Q","2005-Q4",7.878441,
"ZAF","LTINT","TOT","PC_PA","Q","2006-Q1",7.353222,
"ZAF","LTINT","TOT","PC_PA","Q","2006-Q2",7.757445,
"ZAF","LTINT","TOT","PC_PA","Q","2006-Q3",8.612996,
"ZAF","LTINT","TOT","PC_PA","Q","2006-Q4",8.015814,
"ZAF","LTINT","TOT","PC_PA","Q","2007-Q1",7.582241,
"ZAF","LTINT","TOT","PC_PA","Q","2007-Q2",7.774392,
"ZAF","LTINT","TOT","PC_PA","Q","2007-Q3",8.382728,
"ZAF","LTINT","TOT","PC_PA","Q","2007-Q4",8.211163,
"ZAF","LTINT","TOT","PC_PA","Q","2008-Q1",8.736029,
"ZAF","LTINT","TOT","PC_PA","Q","2008-Q2",9.67277,
"ZAF","LTINT","TOT","PC_PA","Q","2008-Q3",9.457062,
"ZAF","LTINT","TOT","PC_PA","Q","2008-Q4",8.498405,
"ZAF","LTINT","TOT","PC_PA","Q","2009-Q1",8.14147,
"ZAF","LTINT","TOT","PC_PA","Q","2009-Q2",8.708156,
"ZAF","LTINT","TOT","PC_PA","Q","2009-Q3",8.866341,
"ZAF","LTINT","TOT","PC_PA","Q","2009-Q4",9.048809,
"ZAF","LTINT","TOT","PC_PA","Q","2010-Q1",9.092924,
"ZAF","LTINT","TOT","PC_PA","Q","2010-Q2",8.888755,
"ZAF","LTINT","TOT","PC_PA","Q","2010-Q3",8.301826,
"ZAF","LTINT","TOT","PC_PA","Q","2010-Q4",8.17816,
"ZAF","LTINT","TOT","PC_PA","Q","2011-Q1",8.708018,
"ZAF","LTINT","TOT","PC_PA","Q","2011-Q2",8.594683,
"ZAF","LTINT","TOT","PC_PA","Q","2011-Q3",8.294868,
"ZAF","LTINT","TOT","PC_PA","Q","2011-Q4",8.458772,
"ZAF","LTINT","TOT","PC_PA","Q","2012-Q1",8.341746,
"ZAF","LTINT","TOT","PC_PA","Q","2012-Q2",8.25137,
"ZAF","LTINT","TOT","PC_PA","Q","2012-Q3",7.471555,
"ZAF","LTINT","TOT","PC_PA","Q","2012-Q4",7.546524,
"ZAF","LTINT","TOT","PC_PA","Q","2013-Q1",7.310017,
"ZAF","LTINT","TOT","PC_PA","Q","2013-Q2",7.28447,
"ZAF","LTINT","TOT","PC_PA","Q","2013-Q3",8.168377,
"ZAF","LTINT","TOT","PC_PA","Q","2013-Q4",8.115512,
"ZAF","LTINT","TOT","PC_PA","Q","2014-Q1",8.530106,
"ZAF","LTINT","TOT","PC_PA","Q","2014-Q2",8.302088,
"ZAF","LTINT","TOT","PC_PA","Q","2014-Q3",8.212996,
"ZAF","LTINT","TOT","PC_PA","Q","2014-Q4",7.930224,
"ZAF","LTINT","TOT","PC_PA","Q","2015-Q1",7.587648,
"ZAF","LTINT","TOT","PC_PA","Q","2015-Q2",8.074108,
"ZAF","LTINT","TOT","PC_PA","Q","2015-Q3",8.30205,
"ZAF","LTINT","TOT","PC_PA","Q","2015-Q4",8.672799,
"ZAF","LTINT","TOT","PC_PA","Q","2016-Q1",9.373135,
"ZAF","LTINT","TOT","PC_PA","Q","2016-Q2",9.139635,
"ZAF","LTINT","TOT","PC_PA","Q","2016-Q3",8.679127,
"ZAF","LTINT","TOT","PC_PA","Q","2016-Q4",8.875465,
"ZAF","LTINT","TOT","PC_PA","Q","2017-Q1",8.711216,
"ZAF","LTINT","TOT","PC_PA","Q","2017-Q2",8.834346,
"ZAF","LTINT","TOT","PC_PA","Q","2017-Q3",9.127742,
"ZAF","LTINT","TOT","PC_PA","Q","2017-Q4",9.542704,
"ZAF","LTINT","TOT","PC_PA","Q","2018-Q1",8.773,
"ZAF","LTINT","TOT","PC_PA","Q","2018-Q2",8.867987,
"ZAF","LTINT","TOT","PC_PA","Q","2018-Q3",9.299681,
"ZAF","LTINT","TOT","PC_PA","Q","2018-Q4",9.569637,
"ZAF","LTINT","TOT","PC_PA","Q","2019-Q1",9.264955,
"ZAF","LTINT","TOT","PC_PA","Q","2019-Q2",9.063899,
"ZAF","LTINT","TOT","PC_PA","Q","2019-Q3",8.901588,
"ZAF","LTINT","TOT","PC_PA","Q","2019-Q4",9.059857,
"ZAF","LTINT","TOT","PC_PA","Q","2020-Q1",9.601275,
"ZAF","LTINT","TOT","PC_PA","Q","2020-Q2",10.42158,
"ZAF","LTINT","TOT","PC_PA","Q","2020-Q3",10.22248,
"ZAF","LTINT","TOT","PC_PA","Q","2020-Q4",10.04764,
"ZAF","LTINT","TOT","PC_PA","Q","2021-Q1",9.767909,
"ZAF","LTINT","TOT","PC_PA","Q","2021-Q2",9.79076,
"ZAF","LTINT","TOT","PC_PA","Q","2021-Q3",9.605181,
"ZAF","LTINT","TOT","PC_PA","Q","2021-Q4",9.995079,
"ZAF","LTINT","TOT","PC_PA","Q","2022-Q1",9.859288,
"ZAF","LTINT","TOT","PC_PA","Q","2022-Q2",10.45659,
"ZAF","LTINT","TOT","PC_PA","Q","2022-Q3",11.19884,
"ZAF","LTINT","TOT","PC_PA","Q","2022-Q4",11.43124,
"ZAF","LTINT","TOT","PC_PA","Q","2023-Q1",11.07098,
"ZAF","LTINT","TOT","PC_PA","Q","2023-Q2",11.71309,
"ZAF","LTINT","TOT","PC_PA","Q","2023-Q3",11.8349,
"IND","LTINT","TOT","PC_PA","Q","2012-Q1",8.267167,
"IND","LTINT","TOT","PC_PA","Q","2012-Q2",8.452167,
"IND","LTINT","TOT","PC_PA","Q","2012-Q3",8.155889,
"IND","LTINT","TOT","PC_PA","Q","2012-Q4",8.163,
"IND","LTINT","TOT","PC_PA","Q","2013-Q1",7.873333,
"IND","LTINT","TOT","PC_PA","Q","2013-Q2",7.578166,
"IND","LTINT","TOT","PC_PA","Q","2013-Q3",8.2185,
"IND","LTINT","TOT","PC_PA","Q","2013-Q4",8.769834,
"IND","LTINT","TOT","PC_PA","Q","2014-Q1",8.804667,
"IND","LTINT","TOT","PC_PA","Q","2014-Q2",8.790667,
"IND","LTINT","TOT","PC_PA","Q","2014-Q3",8.569167,
"IND","LTINT","TOT","PC_PA","Q","2014-Q4",8.180667,
"IND","LTINT","TOT","PC_PA","Q","2015-Q1",7.783,
"IND","LTINT","TOT","PC_PA","Q","2015-Q2",7.832056,
"IND","LTINT","TOT","PC_PA","Q","2015-Q3",7.777833,
"IND","LTINT","TOT","PC_PA","Q","2015-Q4",7.711833,
"IND","LTINT","TOT","PC_PA","Q","2016-Q1",7.657667,
"IND","LTINT","TOT","PC_PA","Q","2016-Q2",7.406167,
"IND","LTINT","TOT","PC_PA","Q","2016-Q3",7.1195,
"IND","LTINT","TOT","PC_PA","Q","2016-Q4",6.640333,
"IND","LTINT","TOT","PC_PA","Q","2017-Q1",6.9635,
"IND","LTINT","TOT","PC_PA","Q","2017-Q2",6.954667,
"IND","LTINT","TOT","PC_PA","Q","2017-Q3",6.624667,
"IND","LTINT","TOT","PC_PA","Q","2017-Q4",7.154167,
"IND","LTINT","TOT","PC_PA","Q","2018-Q1",7.465167,
"IND","LTINT","TOT","PC_PA","Q","2018-Q2",7.777,
"IND","LTINT","TOT","PC_PA","Q","2018-Q3",7.882,
"IND","LTINT","TOT","PC_PA","Q","2018-Q4",7.693167,
"IND","LTINT","TOT","PC_PA","Q","2019-Q1",7.3745,
"IND","LTINT","TOT","PC_PA","Q","2019-Q2",7.240833,
"IND","LTINT","TOT","PC_PA","Q","2019-Q3",6.68,
"IND","LTINT","TOT","PC_PA","Q","2019-Q4",6.676667,
"IND","LTINT","TOT","PC_PA","Q","2020-Q1",6.616667,
"IND","LTINT","TOT","PC_PA","Q","2020-Q2",6.153333,
"IND","LTINT","TOT","PC_PA","Q","2020-Q3",5.95,
"IND","LTINT","TOT","PC_PA","Q","2020-Q4",5.91,
"IND","LTINT","TOT","PC_PA","Q","2021-Q1",6.163333,
"IND","LTINT","TOT","PC_PA","Q","2021-Q2",6.26,
"IND","LTINT","TOT","PC_PA","Q","2021-Q3",6.226666,
"IND","LTINT","TOT","PC_PA","Q","2021-Q4",6.383333,
"IND","LTINT","TOT","PC_PA","Q","2022-Q1",6.74,
"IND","LTINT","TOT","PC_PA","Q","2022-Q2",7.343333,
"IND","LTINT","TOT","PC_PA","Q","2022-Q3",7.32,
"IND","LTINT","TOT","PC_PA","Q","2022-Q4",7.37,
"IND","LTINT","TOT","PC_PA","Q","2023-Q1",7.363333,
"IND","LTINT","TOT","PC_PA","Q","2023-Q2",7.08,
"IDN","LTINT","TOT","PC_PA","Q","2012-Q1",5.613333,
"IDN","LTINT","TOT","PC_PA","Q","2012-Q2",6.196667,
"IDN","LTINT","TOT","PC_PA","Q","2012-Q3",5.966667,
"IDN","LTINT","TOT","PC_PA","Q","2012-Q4",5.406667,
"IDN","LTINT","TOT","PC_PA","Q","2013-Q1",5.366667,
"IDN","LTINT","TOT","PC_PA","Q","2013-Q2",6.176667,
"IDN","LTINT","TOT","PC_PA","Q","2013-Q3",8.25,
"IDN","LTINT","TOT","PC_PA","Q","2013-Q4",8.156667,
"IDN","LTINT","TOT","PC_PA","Q","2014-Q1",8.38,
"IDN","LTINT","TOT","PC_PA","Q","2014-Q2",8.033334,
"IDN","LTINT","TOT","PC_PA","Q","2014-Q3",8.273334,
"IDN","LTINT","TOT","PC_PA","Q","2014-Q4",7.84,
"IDN","LTINT","TOT","PC_PA","Q","2015-Q1",7.106667,
"IDN","LTINT","TOT","PC_PA","Q","2015-Q2",8.056666,
"IDN","LTINT","TOT","PC_PA","Q","2015-Q3",8.98,
"IDN","LTINT","TOT","PC_PA","Q","2015-Q4",8.743333,
"IDN","LTINT","TOT","PC_PA","Q","2016-Q1",8.08,
"IDN","LTINT","TOT","PC_PA","Q","2016-Q2",7.653333,
"IDN","LTINT","TOT","PC_PA","Q","2016-Q3",7.01,
"IDN","LTINT","TOT","PC_PA","Q","2016-Q4",7.81,
"IDN","LTINT","TOT","PC_PA","Q","2017-Q1",7.376667,
"IDN","LTINT","TOT","PC_PA","Q","2017-Q2",6.916667,
"IDN","LTINT","TOT","PC_PA","Q","2017-Q3",6.69,
"IDN","LTINT","TOT","PC_PA","Q","2017-Q4",6.53,
"IDN","LTINT","TOT","PC_PA","Q","2018-Q1",6.483333,
"IDN","LTINT","TOT","PC_PA","Q","2018-Q2",7.246666,
"IDN","LTINT","TOT","PC_PA","Q","2018-Q3",7.98,
"IDN","LTINT","TOT","PC_PA","Q","2018-Q4",8.12,
"IDN","LTINT","TOT","PC_PA","Q","2019-Q1",7.846667,
"IDN","LTINT","TOT","PC_PA","Q","2019-Q2",7.670467,
"IDN","LTINT","TOT","PC_PA","Q","2019-Q3",7.3068,
"IDN","LTINT","TOT","PC_PA","Q","2019-Q4",7.037267,
"IDN","LTINT","TOT","PC_PA","Q","2020-Q1",7.1336,
"IDN","LTINT","TOT","PC_PA","Q","2020-Q2",7.432467,
"IDN","LTINT","TOT","PC_PA","Q","2020-Q3",6.831554,
"IDN","LTINT","TOT","PC_PA","Q","2020-Q4",6.221961,
"IDN","LTINT","TOT","PC_PA","Q","2021-Q1",6.527452,
"IDN","LTINT","TOT","PC_PA","Q","2021-Q2",6.459738,
"IDN","LTINT","TOT","PC_PA","Q","2021-Q3",6.208554,
"IDN","LTINT","TOT","PC_PA","Q","2021-Q4",6.256059,
"IDN","LTINT","TOT","PC_PA","Q","2022-Q1",6.542326,
"IDN","LTINT","TOT","PC_PA","Q","2022-Q2",7.061879,
"IDN","LTINT","TOT","PC_PA","Q","2022-Q3",7.186409,
"IDN","LTINT","TOT","PC_PA","Q","2022-Q4",7.1,
"IDN","LTINT","TOT","PC_PA","Q","2023-Q1",6.773334,
"IDN","LTINT","TOT","PC_PA","Q","2023-Q2",6.343333,
"BRA","LTINT","TOT","PC_PA","Q","2000-Q1",12,
"BRA","LTINT","TOT","PC_PA","Q","2000-Q2",11,
"BRA","LTINT","TOT","PC_PA","Q","2000-Q3",10.25,
"BRA","LTINT","TOT","PC_PA","Q","2000-Q4",9.75,
"BRA","LTINT","TOT","PC_PA","Q","2001-Q1",9.25,
"BRA","LTINT","TOT","PC_PA","Q","2001-Q2",9.25,
"BRA","LTINT","TOT","PC_PA","Q","2001-Q3",9.5,
"BRA","LTINT","TOT","PC_PA","Q","2001-Q4",10,
"BRA","LTINT","TOT","PC_PA","Q","2002-Q1",10,
"BRA","LTINT","TOT","PC_PA","Q","2002-Q2",9.5,
"BRA","LTINT","TOT","PC_PA","Q","2002-Q3",10,
"BRA","LTINT","TOT","PC_PA","Q","2002-Q4",10,
"BRA","LTINT","TOT","PC_PA","Q","2003-Q1",11,
"BRA","LTINT","TOT","PC_PA","Q","2003-Q2",12,
"BRA","LTINT","TOT","PC_PA","Q","2003-Q3",12,
"BRA","LTINT","TOT","PC_PA","Q","2003-Q4",11,
"BRA","LTINT","TOT","PC_PA","Q","2004-Q1",10,
"BRA","LTINT","TOT","PC_PA","Q","2004-Q2",9.75,
"BRA","LTINT","TOT","PC_PA","Q","2004-Q3",9.75,
"BRA","LTINT","TOT","PC_PA","Q","2004-Q4",9.75,
"BRA","LTINT","TOT","PC_PA","Q","2005-Q1",9.75,
"BRA","LTINT","TOT","PC_PA","Q","2005-Q2",9.75,
"BRA","LTINT","TOT","PC_PA","Q","2005-Q3",9.75,
"BRA","LTINT","TOT","PC_PA","Q","2005-Q4",9.75,
"BRA","LTINT","TOT","PC_PA","Q","2006-Q1",9,
"BRA","LTINT","TOT","PC_PA","Q","2006-Q2",8.15,
"BRA","LTINT","TOT","PC_PA","Q","2006-Q3",7.5,
"BRA","LTINT","TOT","PC_PA","Q","2006-Q4",6.85,
"BRA","LTINT","TOT","PC_PA","Q","2007-Q1",6.5,
"BRA","LTINT","TOT","PC_PA","Q","2007-Q2",6.5,
"BRA","LTINT","TOT","PC_PA","Q","2007-Q3",6.25,
"BRA","LTINT","TOT","PC_PA","Q","2007-Q4",6.25,
"BRA","LTINT","TOT","PC_PA","Q","2008-Q1",6.25,
"BRA","LTINT","TOT","PC_PA","Q","2008-Q2",6.25,
"BRA","LTINT","TOT","PC_PA","Q","2008-Q3",6.25,
"BRA","LTINT","TOT","PC_PA","Q","2008-Q4",6.25,
"BRA","LTINT","TOT","PC_PA","Q","2009-Q1",6.25,
"BRA","LTINT","TOT","PC_PA","Q","2009-Q2",6.25,
"BRA","LTINT","TOT","PC_PA","Q","2009-Q3",6,
"BRA","LTINT","TOT","PC_PA","Q","2009-Q4",6,
"BRA","LTINT","TOT","PC_PA","Q","2010-Q1",6,
"BRA","LTINT","TOT","PC_PA","Q","2010-Q2",6,
"BRA","LTINT","TOT","PC_PA","Q","2010-Q3",6,
"BRA","LTINT","TOT","PC_PA","Q","2010-Q4",6,
"BRA","LTINT","TOT","PC_PA","Q","2011-Q1",6,
"BRA","LTINT","TOT","PC_PA","Q","2011-Q2",6,
"BRA","LTINT","TOT","PC_PA","Q","2011-Q3",6,
"BRA","LTINT","TOT","PC_PA","Q","2011-Q4",6,
"BRA","LTINT","TOT","PC_PA","Q","2012-Q1",6,
"BRA","LTINT","TOT","PC_PA","Q","2012-Q2",6,
"BRA","LTINT","TOT","PC_PA","Q","2012-Q3",5.5,
"BRA","LTINT","TOT","PC_PA","Q","2012-Q4",5.5,
"BRA","LTINT","TOT","PC_PA","Q","2013-Q1",5,
"BRA","LTINT","TOT","PC_PA","Q","2013-Q2",5,
"BRA","LTINT","TOT","PC_PA","Q","2013-Q3",5,
"BRA","LTINT","TOT","PC_PA","Q","2013-Q4",5,
"BRA","LTINT","TOT","PC_PA","Q","2014-Q1",5,
"BRA","LTINT","TOT","PC_PA","Q","2014-Q2",5,
"BRA","LTINT","TOT","PC_PA","Q","2014-Q3",5,
"BRA","LTINT","TOT","PC_PA","Q","2014-Q4",5,
"BRA","LTINT","TOT","PC_PA","Q","2015-Q1",5.5,
"BRA","LTINT","TOT","PC_PA","Q","2015-Q2",6,
"BRA","LTINT","TOT","PC_PA","Q","2015-Q3",6.5,
"BRA","LTINT","TOT","PC_PA","Q","2015-Q4",7,
"BRA","LTINT","TOT","PC_PA","Q","2016-Q1",7.5,
"BRA","LTINT","TOT","PC_PA","Q","2016-Q2",7.5,
"BRA","LTINT","TOT","PC_PA","Q","2016-Q3",7.5,
"BRA","LTINT","TOT","PC_PA","Q","2016-Q4",7.5,
"BRA","LTINT","TOT","PC_PA","Q","2017-Q1",7.5,
"BRA","LTINT","TOT","PC_PA","Q","2017-Q2",7,
"BRA","LTINT","TOT","PC_PA","Q","2017-Q3",7,
"BRA","LTINT","TOT","PC_PA","Q","2017-Q4",7,
"BRA","LTINT","TOT","PC_PA","Q","2018-Q1",6.75,
"BRA","LTINT","TOT","PC_PA","Q","2018-Q2",6.6,
"BRA","LTINT","TOT","PC_PA","Q","2018-Q3",6.56,
"BRA","LTINT","TOT","PC_PA","Q","2018-Q4",6.98,
"BRA","LTINT","TOT","PC_PA","Q","2019-Q1",7.03,
"BRA","LTINT","TOT","PC_PA","Q","2019-Q2",6.26,
"BRA","LTINT","TOT","PC_PA","Q","2019-Q3",5.95,
"BRA","LTINT","TOT","PC_PA","Q","2019-Q4",5.57,
"BRA","LTINT","TOT","PC_PA","Q","2020-Q1",5.09,
"BRA","LTINT","TOT","PC_PA","Q","2020-Q2",4.94,
"BRA","LTINT","TOT","PC_PA","Q","2020-Q3",4.91,
"BRA","LTINT","TOT","PC_PA","Q","2020-Q4",4.55,
"BRA","LTINT","TOT","PC_PA","Q","2021-Q1",4.39,
"BRA","LTINT","TOT","PC_PA","Q","2021-Q2",4.61,
"BRA","LTINT","TOT","PC_PA","Q","2021-Q3",4.88,
"BRA","LTINT","TOT","PC_PA","Q","2021-Q4",5.32,
"BRA","LTINT","TOT","PC_PA","Q","2022-Q1",6.08,
"BRA","LTINT","TOT","PC_PA","Q","2022-Q2",6.82,
"BRA","LTINT","TOT","PC_PA","Q","2022-Q3",7.01,
"BRA","LTINT","TOT","PC_PA","Q","2022-Q4",7.2,
"BRA","LTINT","TOT","PC_PA","Q","2023-Q1",7.37,
"BRA","LTINT","TOT","PC_PA","Q","2023-Q2",7.28,
"BRA","LTINT","TOT","PC_PA","Q","2023-Q3",7,
"CHN","LTINT","TOT","PC_PA","Q","2014-Q1",4.476634,
"CHN","LTINT","TOT","PC_PA","Q","2014-Q2",4.144267,
"CHN","LTINT","TOT","PC_PA","Q","2014-Q3",4.161334,
"CHN","LTINT","TOT","PC_PA","Q","2014-Q4",3.634233,
"CHN","LTINT","TOT","PC_PA","Q","2015-Q1",3.5017,
"CHN","LTINT","TOT","PC_PA","Q","2015-Q2",3.514433,
"CHN","LTINT","TOT","PC_PA","Q","2015-Q3",3.345533,
"CHN","LTINT","TOT","PC_PA","Q","2015-Q4",2.973867,
"CHN","LTINT","TOT","PC_PA","Q","2016-Q1",2.844667,
"CHN","LTINT","TOT","PC_PA","Q","2016-Q2",2.905833,
"CHN","LTINT","TOT","PC_PA","Q","2016-Q3",2.748367,
"CHN","LTINT","TOT","PC_PA","Q","2016-Q4",2.9014,
"CHN","LTINT","TOT","PC_PA","Q","2017-Q1",3.306667,
"CHN","LTINT","TOT","PC_PA","Q","2017-Q2",3.55,
"CHN","LTINT","TOT","PC_PA","Q","2017-Q3",3.623333,
"CHN","LTINT","TOT","PC_PA","Q","2017-Q4",3.886667,
"CHN","LTINT","TOT","PC_PA","Q","2018-Q1",3.823333,
"CHN","LTINT","TOT","PC_PA","Q","2018-Q2",3.57,
"CHN","LTINT","TOT","PC_PA","Q","2018-Q3",3.556667,
"CHN","LTINT","TOT","PC_PA","Q","2018-Q4",3.366667,
"CHN","LTINT","TOT","PC_PA","Q","2019-Q1",3.115033,
"CHN","LTINT","TOT","PC_PA","Q","2019-Q2",3.2958,
"CHN","LTINT","TOT","PC_PA","Q","2019-Q3",3.117867,
"CHN","LTINT","TOT","PC_PA","Q","2019-Q4",3.1965,
"CHN","LTINT","TOT","PC_PA","Q","2020-Q1",2.773567,
"CHN","LTINT","TOT","PC_PA","Q","2020-Q2",2.688767,
"CHN","LTINT","TOT","PC_PA","Q","2020-Q3",3.0441,
"CHN","LTINT","TOT","PC_PA","Q","2020-Q4",3.1913,
"CHN","LTINT","TOT","PC_PA","Q","2021-Q1",3.2157,
"CHN","LTINT","TOT","PC_PA","Q","2021-Q2",3.0956,
"CHN","LTINT","TOT","PC_PA","Q","2021-Q3",2.852967,
"CHN","LTINT","TOT","PC_PA","Q","2021-Q4",2.857867,
"CHN","LTINT","TOT","PC_PA","Q","2022-Q1",2.754167,
"CHN","LTINT","TOT","PC_PA","Q","2022-Q2",2.800567,
"CHN","LTINT","TOT","PC_PA","Q","2022-Q3",2.712,
"CHN","LTINT","TOT","PC_PA","Q","2022-Q4",2.79,
"CHN","LTINT","TOT","PC_PA","Q","2023-Q1",2.883333,
"CHN","LTINT","TOT","PC_PA","Q","2023-Q2",2.703333,
